"Unnamed: 0","ID","Description","GeneRatio","BgRatio","pvalue","p.adjust","qvalue","geneID","Count"
"R-HSA-9029569","R-HSA-9029569","NR1H3 & NR1H2 regulate gene expression linked to cholesterol transport and efflux","3/23","37/10891",6.10038130758551e-05,0.00813069997622479,0.00498189000899869,"APOE/APOC1/APOD",3
"R-HSA-9024446","R-HSA-9024446","NR1H2 and NR1H3-mediated signaling","3/23","47/10891",0.000125565453360676,0.00813069997622479,0.00498189000899869,"APOE/APOC1/APOD",3
"R-HSA-114608","R-HSA-114608","Platelet degranulation ","4/23","129/10891",0.000139702547533806,0.00813069997622479,0.00498189000899869,"CLU/FGA/PECAM1/PDGFB",4
"R-HSA-76005","R-HSA-76005","Response to elevated platelet cytosolic Ca2+","4/23","134/10891",0.00016180497465124,0.00813069997622479,0.00498189000899869,"CLU/FGA/PECAM1/PDGFB",4
"R-HSA-1474244","R-HSA-1474244","Extracellular matrix organization","5/23","300/10891",0.000343124153533088,0.0137935909720301,0.00845168967649921,"COL2A1/FGA/PECAM1/MMP7/PDGFB",5
"R-HSA-8963898","R-HSA-8963898","Plasma lipoprotein assembly","2/23","19/10891",0.000713772112812134,0.0208426743169496,0.0127708452216973,"APOE/APOC1",2
"R-HSA-216083","R-HSA-216083","Integrin cell surface interactions","3/23","85/10891",0.000725864279694761,0.0208426743169496,0.0127708452216973,"COL2A1/FGA/PECAM1",3
