"Unnamed: 0","ID","Description","GeneRatio","BgRatio","pvalue","p.adjust","qvalue","geneID","Count"
"R-HSA-449147","R-HSA-449147","Signaling by Interleukins","17/51","473/10891",1.97124402971064e-11,2.91744116397175e-09,2.57299220720126e-09,"CCL11/CCL20/CD80/CXCL8/HAVCR2/IL10/IL15/IL17A/IL18BP/IL2RA/LCN2/NOS2/PRTN3/TNF/TNFRSF1A/TNFRSF1B/VCAM1",17
"R-HSA-6785807","R-HSA-6785807","Interleukin-4 and Interleukin-13 signaling","9/51","108/10891",1.42287215683791e-09,8.66070989298188e-08,7.63817942197549e-08,"CCL11/CXCL8/IL10/IL17A/LCN2/NOS2/TNF/TNFRSF1B/VCAM1",9
"R-HSA-6783783","R-HSA-6783783","Interleukin-10 signaling","7/51","47/10891",1.75554930263146e-09,8.66070989298188e-08,7.63817942197549e-08,"CCL20/CD80/CXCL8/IL10/TNF/TNFRSF1A/TNFRSF1B",7
"R-HSA-5669034","R-HSA-5669034","TNFs bind their physiological receptors","6/51","29/10891",3.40624629740106e-09,1.26031113003839e-07,1.11151194967824e-07,"TNFRSF1A/TNFRSF1B/TNFRSF4/TNFRSF6B/TNFRSF8/TNFRSF9",6
"R-HSA-5668541","R-HSA-5668541","TNFR2 non-canonical NF-kB pathway","8/51","102/10891",2.04748528539176e-08,6.06055644475961e-07,5.34501421870691e-07,"LTBR/TNF/TNFRSF1A/TNFRSF1B/TNFRSF4/TNFRSF6B/TNFRSF8/TNFRSF9",8
"R-HSA-380108","R-HSA-380108","Chemokine receptors bind chemokines","4/51","59/10891",0.000160545329750395,0.00396011813384308,0.00349256506825421,"CCL11/CCL20/CXCL8/CXCL9",4
"R-HSA-6803157","R-HSA-6803157","Antimicrobial peptides","4/51","95/10891",0.00099214704319414,0.0207038096374611,0.0182594053701649,"LCN2/PRTN3/REG3A/RNASE6",4
"R-HSA-451927","R-HSA-451927","Interleukin-2 family signaling","3/51","44/10891",0.00111912484526817,0.0207038096374611,0.0182594053701649,"HAVCR2/IL15/IL2RA",3
"R-HSA-5357786","R-HSA-5357786","TNFR1-induced proapoptotic signaling","2/51","13/10891",0.001622587763746,0.0266825543371565,0.023532266982983,"TNF/TNFRSF1A",2
