"Unnamed: 0","ID","Description","GeneRatio","BgRatio","pvalue","p.adjust","qvalue","geneID","Count"
"R-HSA-198933","R-HSA-198933","Immunoregulatory interactions between a Lymphoid and a non-Lymphoid cell","5/18","134/10891",1.9711742390148e-06,0.00019317507542345,0.000141094577108428,"COL1A1/CRTAM/FCGR2B/CD8A/HLA-A",5
"R-HSA-3000480","R-HSA-3000480","Scavenging by Class A Receptors","2/18","19/10891",0.000433899572793581,0.0212610790668855,0.0155290373420861,"COL1A1/SCARA5",2
"R-HSA-5083635","R-HSA-5083635","Defective B3GALTL causes PpS","2/18","37/10891",0.00166041458129639,0.0418675612427954,0.0305799588024714,"ADAMTS15/ADAMTS13",2
"R-HSA-5173214","R-HSA-5173214","O-glycosylation of TSR domain-containing proteins","2/18","38/10891",0.00175094624579236,0.0418675612427954,0.0305799588024714,"ADAMTS15/ADAMTS13",2
"R-HSA-2173782","R-HSA-2173782","Binding and Uptake of Ligands by Scavenger Receptors","2/18","42/10891",0.00213610006340793,0.0418675612427954,0.0305799588024714,"COL1A1/SCARA5",2
"R-HSA-6783783","R-HSA-6783783","Interleukin-10 signaling","2/18","47/10891",0.00266882970024233,0.043590885103958,0.0318386701081541,"IL12B/IL1R2",2
