"Unnamed: 0","ID","Description","GeneRatio","BgRatio","pvalue","p.adjust","qvalue","geneID","Count"
"R-HSA-198933","R-HSA-198933","Immunoregulatory interactions between a Lymphoid and a non-Lymphoid cell","4/16","134/10891",3.55556628945967e-05,0.00154110376578344,0.000960521737676656,"CRTAM/COL1A1/FCGR2B/CD8A",4
"R-HSA-6783783","R-HSA-6783783","Interleukin-10 signaling","3/16","47/10891",4.05553622574588e-05,0.00154110376578344,0.000960521737676656,"IL12B/LIF/IL1R2",3
"R-HSA-5635838","R-HSA-5635838","Activation of SMO","2/16","18/10891",0.000305386776583219,0.00773646500677489,0.00482189647236662,"CDON/SHH",2
"R-HSA-5083635","R-HSA-5083635","Defective B3GALTL causes PpS","2/16","37/10891",0.00130786873992373,0.0209660658429627,0.0130674925614033,"ADAMTS13/ADAMTS15",2
"R-HSA-5173214","R-HSA-5173214","O-glycosylation of TSR domain-containing proteins","2/16","38/10891",0.00137934643703702,0.0209660658429627,0.0130674925614033,"ADAMTS13/ADAMTS15",2
