"Unnamed: 0","ID","Description","GeneRatio","BgRatio","pvalue","p.adjust","qvalue","geneID","Count"
"R-HSA-9694614","R-HSA-9694614","Attachment and Entry","2/17","19/10891",0.000386089981235739,0.0340940555947724,0.0242323921906165,"AGRN/HAVCR1",2
"R-HSA-8957275","R-HSA-8957275","Post-translational protein phosphorylation","3/17","108/10891",0.000582804369141408,0.0340940555947724,0.0242323921906165,"CKAP4/CSF1/SCG2",3
"R-HSA-381426","R-HSA-381426","Regulation of Insulin-like Growth Factor (IGF) transport and uptake by Insulin-like Growth Factor Binding Proteins (IGFBPs)","3/17","125/10891",0.000892312018497789,0.0348001687214138,0.0247342629688861,"CKAP4/CSF1/SCG2",3
"R-HSA-9772572","R-HSA-9772572","Early SARS-CoV-2 Infection Events","2/17","38/10891",0.00155982384296754,0.0445395644073392,0.0316565505009429,"AGRN/HAVCR1",2
"R-HSA-419037","R-HSA-419037","NCAM1 interactions","2/17","42/10891",0.00190340018834783,0.0445395644073392,0.0316565505009429,"AGRN/GFRA1",2
"R-HSA-6783783","R-HSA-6783783","Interleukin-10 signaling","2/17","47/10891",0.00237881950149468,0.0463869802791463,0.032969603617207,"CSF1/IL1RN",2
