"Unnamed: 0","ID","Description","GeneRatio","BgRatio","pvalue","p.adjust","qvalue","geneID","Count"
"R-HSA-216083","R-HSA-216083","Integrin cell surface interactions","3/13","85/10891",0.000124020209457283,0.0130360343510905,0.00651220270884095,"ITGA11/ITGAM/ITGAV",3
"R-HSA-445144","R-HSA-445144","Signal transduction by L1","2/13","21/10891",0.000272703066245712,0.0130360343510905,0.00651220270884095,"EGFR/ITGAV",2
"R-HSA-1474244","R-HSA-1474244","Extracellular matrix organization","4/13","300/10891",0.00033142460214637,0.0130360343510905,0.00651220270884095,"BCAN/ITGA11/ITGAM/ITGAV",4
