"Unnamed: 0","ID","Description","GeneRatio","BgRatio","pvalue","p.adjust","qvalue","geneID","Count"
"R-HSA-351906","R-HSA-351906","Apoptotic cleavage of cell adhesion  proteins","1/5","11/10891",0.00504077434169603,0.0302446460501762,0.0159182347632506,"OCLN",1
"R-HSA-8963691","R-HSA-8963691","Phenylalanine and tyrosine metabolism","1/5","11/10891",0.00504077434169603,0.0302446460501762,0.0159182347632506,"PCBD1",1
"R-HSA-881907","R-HSA-881907","Gastrin-CREB signalling pathway via PKC and MAPK","1/5","18/10891",0.00823794149864421,0.0329363841698433,0.0173349390367596,"GAST",1
"R-HSA-71291","R-HSA-71291","Metabolism of amino acids and derivatives","2/5","374/10891",0.0109787947232811,0.0329363841698433,0.0173349390367596,"PCBD1/RIDA",2
"R-HSA-111465","R-HSA-111465","Apoptotic cleavage of cellular proteins","1/5","38/10891",0.0173274418203292,0.0415858603687901,0.0218872949309421,"OCLN",1
"R-HSA-75153","R-HSA-75153","Apoptotic execution phase","1/5","52/10891",0.0236503438951647,0.0473006877903295,0.0248950988370155,"OCLN",1
