"Unnamed: 0","ID","Description","GeneRatio","BgRatio","pvalue","p.adjust","qvalue","geneID","Count"
"R-HSA-9615017","R-HSA-9615017","FOXO-mediated transcription of oxidative stress, metabolic and neuronal genes","1/4","29/10891",0.0106099858766138,0.0442825741259099,0.00517924843577893,"RETN",1
"R-HSA-6798695","R-HSA-6798695","Neutrophil degranulation","2/4","482/10891",0.0110506646020945,0.0442825741259099,0.00517924843577893,"PGLYRP1/RETN",2
"R-HSA-9614085","R-HSA-9614085","FOXO-mediated transcription","1/4","65/10891",0.0236632831621703,0.0442825741259099,0.00517924843577893,"RETN",1
"R-HSA-5625886","R-HSA-5625886","Activated PKN1 stimulates transcription of AR (androgen receptor) regulated genes KLK2 and KLK3","1/4","67/10891",0.0243846586860463,0.0442825741259099,0.00517924843577893,"KLK3",1
"R-HSA-163125","R-HSA-163125","Post-translational modification: synthesis of GPI-anchored proteins","1/4","92/10891",0.0333681656771552,0.0442825741259099,0.00517924843577893,"GP2",1
"R-HSA-5625740","R-HSA-5625740","RHO GTPases activate PKNs","1/4","95/10891",0.0344420020979299,0.0442825741259099,0.00517924843577893,"KLK3",1
"R-HSA-6803157","R-HSA-6803157","Antimicrobial peptides","1/4","95/10891",0.0344420020979299,0.0442825741259099,0.00517924843577893,"PGLYRP1",1
