"Unnamed: 0","ID","Description","GeneRatio","BgRatio","pvalue","p.adjust","qvalue","geneID","Count"
"R-HSA-202733","R-HSA-202733","Cell surface interactions at the vascular wall","4/21","137/10891",0.000121455922804143,0.0241697286380245,0.0222456111241273,"L1CAM/CD58/ITGAV/PROC",4
"R-HSA-3000178","R-HSA-3000178","ECM proteoglycans","3/21","76/10891",0.000396785442247526,0.0361883198873692,0.0333074195207735,"TNXB/ITGAV/COL9A1",3
"R-HSA-216083","R-HSA-216083","Integrin cell surface interactions","3/21","85/10891",0.000551290122487464,0.0361883198873692,0.0333074195207735,"ITGA11/ITGAV/COL9A1",3
"R-HSA-445144","R-HSA-445144","Signal transduction by L1","2/21","21/10891",0.000727403414821491,0.0361883198873692,0.0333074195207735,"L1CAM/ITGAV",2
