"Unnamed: 0","ID","Description","GeneRatio","BgRatio","pvalue","p.adjust","qvalue","geneID","Count"
"R-HSA-5669034","R-HSA-5669034","TNFs bind their physiological receptors","8/58","29/10891",1.54174498955859e-12,2.80597588099664e-10,2.53170756180148e-10,"CD27/TNFRSF11B/TNFRSF1A/TNFRSF1B/TNFRSF4/TNFRSF6B/TNFRSF8/TNFRSF9",8
"R-HSA-5668541","R-HSA-5668541","TNFR2 non-canonical NF-kB pathway","10/58","102/10891",1.19084689633725e-10,1.08367067566689e-08,9.77747978045317e-09,"CD27/LTBR/TNF/TNFRSF11B/TNFRSF1A/TNFRSF1B/TNFRSF4/TNFRSF6B/TNFRSF8/TNFRSF9",10
"R-HSA-449147","R-HSA-449147","Signaling by Interleukins","17/58","473/10891",1.9878749010866e-10,1.20597743999254e-08,1.08809994585793e-08,"CCL11/CCL20/CD80/CXCL8/HAVCR2/IL10/IL15/IL17A/IL18BP/IL2RA/LCN2/NOS2/PRTN3/TNF/TNFRSF1A/TNFRSF1B/VCAM1",17
"R-HSA-6783783","R-HSA-6783783","Interleukin-10 signaling","7/58","47/10891",4.45747050873317e-09,1.71149767204864e-07,1.54420842590854e-07,"CCL20/CD80/CXCL8/IL10/TNF/TNFRSF1A/TNFRSF1B",7
"R-HSA-6785807","R-HSA-6785807","Interleukin-4 and Interleukin-13 signaling","9/58","108/10891",4.7019166814523e-09,1.71149767204864e-07,1.54420842590854e-07,"CCL11/CXCL8/IL10/IL17A/LCN2/NOS2/TNF/TNFRSF1B/VCAM1",9
"R-HSA-380108","R-HSA-380108","Chemokine receptors bind chemokines","4/58","59/10891",0.000264985803339322,0.00803790270129278,0.0072522430387604,"CCL11/CCL20/CXCL8/CXCL9",4
"R-HSA-6803157","R-HSA-6803157","Antimicrobial peptides","4/58","95/10891",0.00160796660175072,0.0369887173467177,0.0333732788090686,"LCN2/PRTN3/REG3A/RNASE6",4
"R-HSA-451927","R-HSA-451927","Interleukin-2 family signaling","3/58","44/10891",0.00162587768557001,0.0369887173467177,0.0333732788090686,"HAVCR2/IL15/IL2RA",3
"R-HSA-5357786","R-HSA-5357786","TNFR1-induced proapoptotic signaling","2/58","13/10891",0.00209374856291217,0.0423402487166683,0.038201728165415,"TNF/TNFRSF1A",2
