"Unnamed: 0","ID","Description","GeneRatio","BgRatio","pvalue","p.adjust","qvalue","geneID","Count"
"R-HSA-449147","R-HSA-449147","Signaling by Interleukins","8/26","473/10891",9.3286244051629e-06,0.00196833974948937,0.00154167792801113,"IL1RN/CD80/HGF/OSM/IL6/IL2RA/LGALS9/MMP9",8
"R-HSA-6785807","R-HSA-6785807","Interleukin-4 and Interleukin-13 signaling","4/26","108/10891",0.000115559920029601,0.0121915715631229,0.00954889865507755,"HGF/OSM/IL6/MMP9",4
"R-HSA-6783783","R-HSA-6783783","Interleukin-10 signaling","3/26","47/10891",0.000182675801587135,0.0128481980449619,0.0100631932804141,"IL1RN/CD80/IL6",3
"R-HSA-2219530","R-HSA-2219530","Constitutive Signaling by Aberrant PI3K in Cancer","3/26","78/10891",0.000816033970974038,0.0430457919688805,0.0337150877481379,"TGFA/CD80/HGF",3
