"Unnamed: 0","ID","Description","GeneRatio","BgRatio","pvalue","p.adjust","qvalue","geneID","Count"
"R-HSA-8957275","R-HSA-8957275","Post-translational protein phosphorylation","4/17","108/10891",1.97060857310507e-05,0.00192829025325124,0.00134703529652958,"CKAP4/CSF1/SCG2/SPP1",4
"R-HSA-381426","R-HSA-381426","Regulation of Insulin-like Growth Factor (IGF) transport and uptake by Insulin-like Growth Factor Binding Proteins (IGFBPs)","4/17","125/10891",3.50598227863862e-05,0.00192829025325124,0.00134703529652958,"CKAP4/CSF1/SCG2/SPP1",4
"R-HSA-9694614","R-HSA-9694614","Attachment and Entry","2/17","19/10891",0.000386089981235739,0.0141566326453104,0.0098893223263891,"AGRN/HAVCR1",2
"R-HSA-9772572","R-HSA-9772572","Early SARS-CoV-2 Infection Events","2/17","38/10891",0.00155982384296754,0.0313408724189289,0.0218936237950412,"AGRN/HAVCR1",2
"R-HSA-419037","R-HSA-419037","NCAM1 interactions","2/17","42/10891",0.00190340018834783,0.0313408724189289,0.0218936237950412,"AGRN/GFRA1",2
"R-HSA-9696264","R-HSA-9696264","RND3 GTPase cycle","2/17","42/10891",0.00190340018834783,0.0313408724189289,0.0218936237950412,"CKAP4/EPHA2",2
"R-HSA-9696270","R-HSA-9696270","RND2 GTPase cycle","2/17","43/10891",0.00199441915393184,0.0313408724189289,0.0218936237950412,"CKAP4/EPHA2",2
