"Unnamed: 0","ID","Description","GeneRatio","BgRatio","pvalue","p.adjust","qvalue","geneID","Count"
"R-HSA-2168880","R-HSA-2168880","Scavenging of heme from plasma","1/3","13/10891",0.0035769937805975,0.0173219258515238,0.00303893435991646,"AMBP",1
"R-HSA-6807004","R-HSA-6807004","Negative regulation of MET activity","1/3","21/10891",0.00577397528384127,0.0173219258515238,0.00303893435991646,"LRIG1",1
"R-HSA-2173782","R-HSA-2173782","Binding and Uptake of Ligands by Scavenger Receptors","1/3","42/10891",0.0115256818200766,0.0205664393438539,0.00360814725330771,"AMBP",1
"R-HSA-177929","R-HSA-177929","Signaling by EGFR","1/3","50/10891",0.0137109595625693,0.0205664393438539,0.00360814725330771,"LRIG1",1
"R-HSA-6806834","R-HSA-6806834","Signaling by MET","1/3","79/10891",0.0216055899914346,0.0259267079897215,0.00454854526135465,"LRIG1",1
