"Unnamed: 0","ID","Description","GeneRatio","BgRatio","pvalue","p.adjust","qvalue","geneID","Count"
"R-HSA-198933","R-HSA-198933","Immunoregulatory interactions between a Lymphoid and a non-Lymphoid cell","3/7","134/10891",6.14866097425715e-05,0.000922299146138573,0.000453059229682106,"CD160/CD8A/CRTAM",3
"R-HSA-1475029","R-HSA-1475029","Reversible hydration of carbon dioxide","1/7","12/10891",0.00768945402901144,0.0288116370062484,0.0141530848451747,"CA4",1
"R-HSA-1237044","R-HSA-1237044","Erythrocytes take up carbon dioxide and release oxygen","1/7","13/10891",0.00832794780801638,0.0288116370062484,0.0141530848451747,"CA4",1
"R-HSA-1480926","R-HSA-1480926","O2/CO2 exchange in erythrocytes","1/7","13/10891",0.00832794780801638,0.0288116370062484,0.0141530848451747,"CA4",1
"R-HSA-1170546","R-HSA-1170546","Prolactin receptor signaling","1/7","15/10891",0.00960387900208282,0.0288116370062484,0.0141530848451747,"PRL",1
"R-HSA-982772","R-HSA-982772","Growth hormone receptor signaling","1/7","24/10891",0.0153281713950428,0.0383204284876071,0.0188240701342631,"PRL",1
"R-HSA-5669034","R-HSA-5669034","TNFs bind their physiological receptors","1/7","29/10891",0.018496062377816,0.0396344193810342,0.0194695393450695,"TNFSF13",1
