"Unnamed: 0","ID","Description","GeneRatio","BgRatio","pvalue","p.adjust","qvalue","geneID","Count"
"R-HSA-5668541","R-HSA-5668541","TNFR2 non-canonical NF-kB pathway","8/23","102/10891",1.95611956427145e-11,9.44145685225881e-10,7.40091802528686e-10,"TNF/EDA2R/TNFRSF1B/TNFRSF8/TNFRSF4/TNFRSF9/TNFRSF11A/TNFRSF1A",8
"R-HSA-5669034","R-HSA-5669034","TNFs bind their physiological receptors","6/23","29/10891",2.00882060686358e-11,9.44145685225881e-10,7.40091802528686e-10,"EDA2R/TNFRSF1B/TNFRSF8/TNFRSF4/TNFRSF9/TNFRSF1A",6
"R-HSA-6783783","R-HSA-6783783","Interleukin-10 signaling","4/23","47/10891",2.53849813786103e-06,7.95396083196457e-05,6.2349077070271e-05,"TNF/TNFRSF1B/TNFRSF1A/CD80",4
"R-HSA-449147","R-HSA-449147","Signaling by Interleukins","7/23","473/10891",3.72625593709231e-05,0.000875670145216692,0.000686415567359109,"TNF/HAVCR2/TNFRSF1B/IL18BP/TNFRSF1A/IL22RA1/CD80",7
"R-HSA-5357786","R-HSA-5357786","TNFR1-induced proapoptotic signaling","2/23","13/10891",0.000328100027684483,0.00616828052046828,0.0048351583027187,"TNF/TNFRSF1A",2
"R-HSA-5357956","R-HSA-5357956","TNFR1-induced NFkappaB signaling pathway","2/23","30/10891",0.00179027295038234,0.0280476095559901,0.0219858081625902,"TNF/TNFRSF1A",2
"R-HSA-5357905","R-HSA-5357905","Regulation of TNFR1 signaling","2/23","35/10891",0.00243310652327423,0.0326731447411111,0.025611647613413,"TNF/TNFRSF1A",2
"R-HSA-75893","R-HSA-75893","TNF signaling","2/23","44/10891",0.00382405502298106,0.0449326465200274,0.0352215594221939,"TNF/TNFRSF1A",2
