"Unnamed: 0","ID","Description","GeneRatio","BgRatio","pvalue","p.adjust","qvalue","geneID","Count"
"R-HSA-209822","R-HSA-209822","Glycoprotein hormones","2/19","12/10891",0.000188344586229526,0.00851309601049418,0.00550246279533327,"CGA/FSHB",2
"R-HSA-375281","R-HSA-375281","Hormone ligand-binding receptors","2/19","12/10891",0.000188344586229526,0.00851309601049418,0.00550246279533327,"CGA/FSHB",2
"R-HSA-209952","R-HSA-209952","Peptide hormone biosynthesis","2/19","14/10891",0.000259147295636879,0.00851309601049418,0.00550246279533327,"CGA/FSHB",2
"R-HSA-8866910","R-HSA-8866910","TFAP2 (AP-2) family regulates transcription of growth factors and their receptors","2/19","15/10891",0.000298705123175235,0.00851309601049418,0.00550246279533327,"CGA/VEGFA",2
"R-HSA-114608","R-HSA-114608","Platelet degranulation ","3/19","129/10891",0.00136932399008295,0.0290263833228351,0.0187612819261169,"VEGFA/LEFTY2/SELP",3
"R-HSA-76005","R-HSA-76005","Response to elevated platelet cytosolic Ca2+","3/19","134/10891",0.00152770438541238,0.0290263833228351,0.0187612819261169,"VEGFA/LEFTY2/SELP",3
"R-HSA-8864260","R-HSA-8864260","Transcriptional regulation by the AP-2 (TFAP2) family of transcription factors","2/19","38/10891",0.00195264112208835,0.0318001554168673,0.0205541170746142,"CGA/VEGFA",2
