"Unnamed: 0","ID","Description","GeneRatio","BgRatio","pvalue","p.adjust","qvalue","geneID","Count"
"R-HSA-216083","R-HSA-216083","Integrin cell surface interactions","5/20","85/10891",3.63571004551584e-07,2.8127265790551e-05,1.91776812208303e-05,"COMP/ITGA11/ITGAM/ITGAV/ITGB2",5
"R-HSA-1474244","R-HSA-1474244","Extracellular matrix organization","7/20","300/10891",6.39256040694342e-07,2.8127265790551e-05,1.91776812208303e-05,"BCAN/COMP/ITGA11/ITGAM/ITGAV/ITGB2/TNXB",7
"R-HSA-3000178","R-HSA-3000178","ECM proteoglycans","4/20","76/10891",9.7469983570774e-06,0.000285911951807604,0.000194939967141548,"BCAN/COMP/ITGAV/TNXB",4
"R-HSA-202733","R-HSA-202733","Cell surface interactions at the vascular wall","4/20","137/10891",9.92864820172026e-05,0.00218430260437846,0.00148929723025804,"ITGAM/ITGAV/ITGB2/MERTK",4
"R-HSA-1475029","R-HSA-1475029","Reversible hydration of carbon dioxide","2/20","12/10891",0.000209143655448279,0.0036809283358897,0.00250972386537934,"CA14/CA6",2
"R-HSA-449147","R-HSA-449147","Signaling by Interleukins","5/20","473/10891",0.00136351101970831,0.0199981616223885,0.0136351101970831,"IL15/IL1RN/ITGAM/ITGB2/LGALS9",5
"R-HSA-451927","R-HSA-451927","Interleukin-2 family signaling","2/20","44/10891",0.00289397942176633,0.0363814555879195,0.0248055379008542,"IL15/LGALS9",2
