"Unnamed: 0","ID","Description","GeneRatio","BgRatio","pvalue","p.adjust","qvalue","geneID","Count"
"R-HSA-5669034","R-HSA-5669034","TNFs bind their physiological receptors","4/21","29/10891",2.35152794114807e-07,1.24630980880848e-05,7.92093622281456e-06,"TNFRSF9/TNFRSF4/TNFRSF1A/TNFRSF1B",4
"R-HSA-5668541","R-HSA-5668541","TNFR2 non-canonical NF-kB pathway","5/21","102/10891",1.17936859829101e-06,2.28778095373028e-05,1.45400179780276e-05,"TNFRSF11A/TNFRSF9/TNFRSF4/TNFRSF1A/TNFRSF1B",5
"R-HSA-449147","R-HSA-449147","Signaling by Interleukins","8/21","473/10891",1.47272771079536e-06,2.28778095373028e-05,1.45400179780276e-05,"CSF1/TNFRSF1A/HAVCR2/IL10RB/TNFRSF1B/IL2RA/IL18BP/LGALS9",8
"R-HSA-6783783","R-HSA-6783783","Interleukin-10 signaling","4/21","47/10891",1.72662713489078e-06,2.28778095373028e-05,1.45400179780276e-05,"CSF1/TNFRSF1A/IL10RB/TNFRSF1B",4
"R-HSA-451927","R-HSA-451927","Interleukin-2 family signaling","3/21","44/10891",7.7777035991444e-05,0.000824436581509306,0.000523971610889728,"HAVCR2/IL2RA/LGALS9",3
"R-HSA-449836","R-HSA-449836","Other interleukin signaling","2/21","24/10891",0.000952688683384192,0.0083852383944275,0.00532924783757061,"CSF1/IL10RB",2
"R-HSA-8957275","R-HSA-8957275","Post-translational protein phosphorylation","3/21","108/10891",0.00110748431624514,0.0083852383944275,0.00532924783757061,"FSTL3/CSF1/CKAP4",3
"R-HSA-381426","R-HSA-381426","Regulation of Insulin-like Growth Factor (IGF) transport and uptake by Insulin-like Growth Factor Binding Proteins (IGFBPs)","3/21","125/10891",0.00168777007054549,0.0111814767173639,0.00710640029703363,"FSTL3/CSF1/CKAP4",3
