"Unnamed: 0","ID","Description","GeneRatio","BgRatio","pvalue","p.adjust","qvalue","geneID","Count"
"R-HSA-198933","R-HSA-198933","Immunoregulatory interactions between a Lymphoid and a non-Lymphoid cell","4/21","134/10891",0.000111469431469817,0.00987784517005618,0.00760809640825893,"CD8A/CRTAM/CD160/SIGLEC7",4
"R-HSA-159740","R-HSA-159740","Gamma-carboxylation of protein precursors","2/21","10/10891",0.000157878628939263,0.00987784517005618,0.00760809640825893,"GAS6/BGLAP",2
"R-HSA-159782","R-HSA-159782","Removal of aminoterminal propeptides from gamma-carboxylated proteins","2/21","10/10891",0.000157878628939263,0.00987784517005618,0.00760809640825893,"GAS6/BGLAP",2
"R-HSA-159854","R-HSA-159854","Gamma-carboxylation, transport, and amino-terminal cleavage of proteins","2/21","11/10891",0.00019273844234256,0.00987784517005618,0.00760809640825893,"GAS6/BGLAP",2
"R-HSA-449836","R-HSA-449836","Other interleukin signaling","2/21","24/10891",0.000952688683384192,0.0390602360187519,0.0300849057910797,"CSF3/PTPRZ1",2
