"Unnamed: 0","ID","Description","GeneRatio","BgRatio","pvalue","p.adjust","qvalue","geneID","Count"
"R-HSA-140534","R-HSA-140534","Caspase activation via Death Receptors in the presence of ligand","2/23","17/10891",0.000569138849695158,0.0298414265309497,0.0222127911771731,"LY96/TNFRSF10B",2
"R-HSA-5602498","R-HSA-5602498","MyD88 deficiency (TLR2/4)","2/23","17/10891",0.000569138849695158,0.0298414265309497,0.0222127911771731,"LY96/CD36",2
"R-HSA-5603041","R-HSA-5603041","IRAK4 deficiency (TLR2/4)","2/23","18/10891",0.000639459139948921,0.0298414265309497,0.0222127911771731,"LY96/CD36",2
"R-HSA-5686938","R-HSA-5686938","Regulation of TLR by endogenous ligand","2/23","21/10891",0.000874313353542109,0.0306009673739738,0.0227781636843865,"LY96/CD36",2
"R-HSA-5357769","R-HSA-5357769","Caspase activation via extrinsic apoptotic signalling pathway","2/23","27/10891",0.00145013770308089,0.0382257195017538,0.0284537310576965,"LY96/TNFRSF10B",2
"R-HSA-5260271","R-HSA-5260271","Diseases of Immune System","2/23","31/10891",0.00191128597508769,0.0382257195017538,0.0284537310576965,"LY96/CD36",2
"R-HSA-5602358","R-HSA-5602358","Diseases associated with the TLR signaling cascade","2/23","31/10891",0.00191128597508769,0.0382257195017538,0.0284537310576965,"LY96/CD36",2
