"Unnamed: 0","ID","Description","GeneRatio","BgRatio","pvalue","p.adjust","qvalue","geneID","Count"
"R-HSA-442982","R-HSA-442982","Ras activation upon Ca2+ influx through NMDA receptor","1/3","21/10891",0.00577397528384127,0.0286838101490435,0.0117419105873278,"NEFL",1
"R-HSA-438066","R-HSA-438066","Unblocking of NMDA receptors, glutamate binding and activation","1/3","22/10891",0.00604837069084652,0.0286838101490435,0.0117419105873278,"NEFL",1
"R-HSA-9617324","R-HSA-9617324","Negative regulation of NMDA receptor-mediated neuronal transmission","1/3","22/10891",0.00604837069084652,0.0286838101490435,0.0117419105873278,"NEFL",1
"R-HSA-9620244","R-HSA-9620244","Long-term potentiation","1/3","24/10891",0.00659701003536206,0.0286838101490435,0.0117419105873278,"NEFL",1
"R-HSA-442742","R-HSA-442742","CREB1 phosphorylation through NMDA receptor-mediated activation of RAS signaling","1/3","29/10891",0.00796772504140097,0.0286838101490435,0.0117419105873278,"NEFL",1
"R-HSA-9609736","R-HSA-9609736","Assembly and cell surface presentation of NMDA receptors","1/3","41/10891",0.0112522953579636,0.0337568860738907,0.0138186083343412,"NEFL",1
