"Unnamed: 0","ID","Description","GeneRatio","BgRatio","pvalue","p.adjust","qvalue","geneID","Count"
"R-HSA-6798695","R-HSA-6798695","Neutrophil degranulation","5/14","482/10891",0.000238744581167019,0.0170766349813432,0.00966178031839155,"CEACAM6/CKAP4/ITGAV/PIGR/PLAUR",5
"R-HSA-1474244","R-HSA-1474244","Extracellular matrix organization","4/14","300/10891",0.00045398119912062,0.0170766349813432,0.00966178031839155,"CEACAM6/ITGA11/ITGAV/NCAN",4
"R-HSA-202733","R-HSA-202733","Cell surface interactions at the vascular wall","3/14","137/10891",0.00064037381180037,0.0170766349813432,0.00966178031839155,"CEACAM6/ITGAV/TNFRSF10A",3
"R-HSA-419037","R-HSA-419037","NCAM1 interactions","2/14","42/10891",0.00128297220563591,0.0256594441127182,0.0145178433795643,"GFRA1/NCAN",2
"R-HSA-375165","R-HSA-375165","NCAM signaling for neurite out-growth","2/14","63/10891",0.00286563855491008,0.0458502168785613,0.0259415700760281,"GFRA1/NCAN",2
