"Unnamed: 0","ID","Description","GeneRatio","BgRatio","pvalue","p.adjust","qvalue","geneID","Count"
"R-HSA-1474244","R-HSA-1474244","Extracellular matrix organization","5/20","300/10891",0.000169196067100504,0.0169196067100504,0.0119327752586671,"MMP10/SPP1/ITGA5/COMP/PTPRS",5
"R-HSA-216083","R-HSA-216083","Integrin cell surface interactions","3/20","85/10891",0.000475204389719266,0.0237602194859633,0.0167572074269425,"SPP1/ITGA5/COMP",3
"R-HSA-373760","R-HSA-373760","L1CAM interactions","3/20","119/10891",0.00126598596226546,0.0421995320755154,0.0297617752532582,"SCN4B/ITGA5/NRP2",3
