"Unnamed: 0","ID","Description","GeneRatio","BgRatio","pvalue","p.adjust","qvalue","geneID","Count"
"R-HSA-3928663","R-HSA-3928663","EPHA-mediated growth cone collapse","2/13","30/10891",0.000561471502499491,0.030829167511174,0.0176492002372372,"EFNA1/EPHA2",2
"R-HSA-177929","R-HSA-177929","Signaling by EGFR","2/13","50/10891",0.00156000666683852,0.030829167511174,0.0176492002372372,"ADAM12/AREG",2
"R-HSA-3928665","R-HSA-3928665","EPH-ephrin mediated repulsion of cells","2/13","51/10891",0.001622587763746,0.030829167511174,0.0176492002372372,"EFNA1/EPHA2",2
