"Unnamed: 0","ID","Description","GeneRatio","BgRatio","pvalue","p.adjust","qvalue","geneID","Count"
"R-HSA-6803211","R-HSA-6803211","TP53 Regulates Transcription of Death Receptors and Ligands","1/3","12/10891",0.00330214374210347,0.0286074255278221,0.0033458977225523,"IGFBP3",1
"R-HSA-5669034","R-HSA-5669034","TNFs bind their physiological receptors","1/3","29/10891",0.00796772504140097,0.0286074255278221,0.0033458977225523,"TNFRSF11B",1
"R-HSA-5633008","R-HSA-5633008","TP53 Regulates Transcription of Cell Death Genes","1/3","44/10891",0.0120723035535598,0.0286074255278221,0.0033458977225523,"IGFBP3",1
"R-HSA-977606","R-HSA-977606","Regulation of Complement cascade","1/3","47/10891",0.0128918582466153,0.0286074255278221,0.0033458977225523,"C7",1
"R-HSA-166658","R-HSA-166658","Complement cascade","1/3","58/10891",0.0158930141821234,0.0286074255278221,0.0033458977225523,"C7",1
"R-HSA-5668541","R-HSA-5668541","TNFR2 non-canonical NF-kB pathway","1/3","102/10891",0.0278368075647897,0.0378745455583385,0.00442977141033198,"TNFRSF11B",1
"R-HSA-8957275","R-HSA-8957275","Post-translational protein phosphorylation","1/3","108/10891",0.0294579798787077,0.0378745455583385,0.00442977141033198,"IGFBP3",1
"R-HSA-381426","R-HSA-381426","Regulation of Insulin-like Growth Factor (IGF) transport and uptake by Insulin-like Growth Factor Binding Proteins (IGFBPs)","1/3","125/10891",0.0340415118113641,0.0382967007877846,0.00447914629096895,"IGFBP3",1
