"Unnamed: 0","ID","Description","GeneRatio","BgRatio","pvalue","p.adjust","qvalue","geneID","Count"
"R-HSA-5669034","R-HSA-5669034","TNFs bind their physiological receptors","4/83","29/10891",6.44220750591121e-05,0.0196487328930292,0.017360053910666,"EDA2R/TNFRSF14/TNFRSF1A/TNFRSF4",4
"R-HSA-8957275","R-HSA-8957275","Post-translational protein phosphorylation","6/83","108/10891",0.000168086586868877,0.0256332044975038,0.0226474559149645,"CST3/FGF23/FSTL3/IGFBP4/SCG3/SHISA5",6
"R-HSA-381426","R-HSA-381426","Regulation of Insulin-like Growth Factor (IGF) transport and uptake by Insulin-like Growth Factor Binding Proteins (IGFBPs)","6/83","125/10891",0.000371796610741013,0.0265916365008861,0.023494250023216,"CST3/FGF23/FSTL3/IGFBP4/SCG3/SHISA5",6
"R-HSA-9694614","R-HSA-9694614","Attachment and Entry","3/83","19/10891",0.000378708926525546,0.0265916365008861,0.023494250023216,"CTSL/HAVCR1/HSPG2",3
"R-HSA-6783783","R-HSA-6783783","Interleukin-10 signaling","4/83","47/10891",0.000435928467227641,0.0265916365008861,0.023494250023216,"CCL20/IL10RB/IL1RN/TNFRSF1A",4
"R-HSA-1474228","R-HSA-1474228","Degradation of the extracellular matrix","6/83","140/10891",0.000679256311465964,0.0345288624995198,0.0305069501289977,"BSG/COL18A1/COL6A3/CTSL/HSPG2/PRSS2",6
"R-HSA-6798695","R-HSA-6798695","Neutrophil degranulation","11/83","482/10891",0.00102624408535517,0.0405423989678985,0.0358200315298775,"BST2/CD59/CHI3L1/CST3/GRN/NPC2/PIGR/PLAUR/PRSS2/PSAP/PTPRN2",11
"R-HSA-5668541","R-HSA-5668541","TNFR2 non-canonical NF-kB pathway","5/83","102/10891",0.00106340718604324,0.0405423989678985,0.0358200315298775,"EDA2R/TNFRSF12A/TNFRSF14/TNFRSF1A/TNFRSF4",5
"R-HSA-1442490","R-HSA-1442490","Collagen degradation","4/83","64/10891",0.00140780103261672,0.0477088127720112,0.0421517034327347,"COL18A1/COL6A3/CTSL/PRSS2",4
