"Unnamed: 0","ID","Description","GeneRatio","BgRatio","pvalue","p.adjust","qvalue","geneID","Count"
"R-HSA-9694614","R-HSA-9694614","Attachment and Entry","1/1","19/10891",0.00174455972821608,0.00697823891286364,NA,"HAVCR1",1
"R-HSA-9772572","R-HSA-9772572","Early SARS-CoV-2 Infection Events","1/1","38/10891",0.00348911945643182,0.00697823891286364,NA,"HAVCR1",1
"R-HSA-9694516","R-HSA-9694516","SARS-CoV-2 Infection","1/1","288/10891",0.0264438527224313,0.0345239188320632,NA,"HAVCR1",1
"R-HSA-9679506","R-HSA-9679506","SARS-CoV Infections","1/1","376/10891",0.0345239188320632,0.0345239188320632,NA,"HAVCR1",1
