"Unnamed: 0","ID","Description","GeneRatio","BgRatio","pvalue","p.adjust","qvalue","geneID","Count"
"R-HSA-194002","R-HSA-194002","Glucocorticoid biosynthesis","1/4","10/10891",0.0036682065472764,0.0409821444249592,0.0150986847881429,"HSD11B1",1
"R-HSA-1912420","R-HSA-1912420","Pre-NOTCH Processing in Golgi","1/4","18/10891",0.00659549812271032,0.0409821444249592,0.0150986847881429,"NOTCH3",1
"R-HSA-9013507","R-HSA-9013507","NOTCH3 Activation and Transmission of Signal to the Nucleus","1/4","25/10891",0.00915158266056615,0.0409821444249592,0.0150986847881429,"NOTCH3",1
"R-HSA-9013508","R-HSA-9013508","NOTCH3 Intracellular Domain Regulates Transcription","1/4","25/10891",0.00915158266056615,0.0409821444249592,0.0150986847881429,"NOTCH3",1
"R-HSA-350054","R-HSA-350054","Notch-HLH transcription pathway","1/4","28/10891",0.0102455361062398,0.0409821444249592,0.0150986847881429,"NOTCH3",1
"R-HSA-196071","R-HSA-196071","Metabolism of steroid hormones","1/4","35/10891",0.01279457132546,0.0417494113911153,0.0153813620914635,"HSD11B1",1
"R-HSA-8853659","R-HSA-8853659","RET signaling","1/4","40/10891",0.0146122939868903,0.0417494113911153,0.0153813620914635,"RET",1
"R-HSA-9012852","R-HSA-9012852","Signaling by NOTCH3","1/4","49/10891",0.0178778677054897,0.0446946692637243,0.0164664570971616,"NOTCH3",1
