"Unnamed: 0","ID","Description","GeneRatio","BgRatio","pvalue","p.adjust","qvalue","geneID","Count"
"R-HSA-6783783","R-HSA-6783783","Interleukin-10 signaling","3/8","47/10891",4.15511341109513e-06,0.000232686351021327,8.31022682219025e-05,"CSF1/TNFRSF1A/TNFRSF1B",3
"R-HSA-5669034","R-HSA-5669034","TNFs bind their physiological receptors","2/8","29/10891",0.000189805547854252,0.00531455533991905,0.00189805547854252,"TNFRSF1A/TNFRSF1B",2
"R-HSA-5668541","R-HSA-5668541","TNFR2 non-canonical NF-kB pathway","2/8","102/10891",0.00234428062196842,0.0437599049434105,0.0156285374797895,"TNFRSF1A/TNFRSF1B",2
