"Unnamed: 0","ID","Description","GeneRatio","BgRatio","pvalue","p.adjust","qvalue","geneID","Count"
"R-HSA-9694614","R-HSA-9694614","Attachment and Entry","1/4","19/10891",0.00696095549487152,0.0486405534506797,0.0192002184673736,"HAVCR1",1
"R-HSA-9772572","R-HSA-9772572","Early SARS-CoV-2 Infection Events","1/4","38/10891",0.0138855064151465,0.0486405534506797,0.0192002184673736,"HAVCR1",1
"R-HSA-177929","R-HSA-177929","Signaling by EGFR","1/4","50/10891",0.0182402075440049,0.0486405534506797,0.0192002184673736,"ADAM12",1
