Pro_code,ImportanceScore
CHGA,0.0365858585858585
NEFL,0.0509797979797979
RCOR1,0.0532525252525252
FGFR2,0.0544848484848484
GAST,0.0431111111111111
SORCS2,0.0422222222222222
CD276,0.0412222222222222
ADAM12,0.0352727272727272
WFDC2,0.0367474747474747
NCR3LG1,0.0312424242424242
LILRB4,0.0377171717171717
RBFOX3,0.0287474747474747
ANXA10,0.033040404040404
PALM,0.032020202020202
SCG3,0.0296969696969696
VSIG2,0.0364848484848484
CRIM1,0.0344343434343434
PGA4,0.0445959595959595
PENK,0.0315757575757575
OCLN,0.0293030303030302
PLAUR,0.0285353535353535
ATRAID,0.0312121212121211
SCARB2,0.0244949494949494
FBLN2,0.0221717171717171
CSF1,0.0234848484848484
PALM2,0.0169393939393939
FSTL3,0.0196060606060605
RNASE6,0.0218585858585858
BMPER,0.0224545454545454
TGOLN2,0.0265050505050504
