Pro_code,ImportanceScore
TFRC,0.0536161616161616
JCHAIN,0.0579494949494949
CLEC3B,0.0459191919191919
S100A12,0.0423232323232323
SLITRK2,0.0487878787878787
AXL,0.0363535353535353
VWA1,0.0375050505050505
BRD2,0.0331111111111111
FCRL2,0.0415858585858585
HTR1B,0.0358585858585858
GFRAL,0.0361818181818181
BID,0.0295757575757575
GABRA4,0.0337373737373737
LXN,0.0318282828282828
PALLD,0.0299494949494949
POLR2A,0.0268686868686868
CCL28,0.0325858585858585
SMC3,0.0349898989898989
FUT1,0.0307878787878787
OSM,0.0257474747474747
MAP1LC3A,0.0296969696969697
OLR1,0.027070707070707
DUSP13,0.0261616161616161
ECSCR,0.0259292929292929
S100A11,0.024020202020202
KAZALD1,0.0275454545454545
FCRL1,0.0254949494949494
MRPS16,0.0245151515151515
CDH3,0.0221818181818181
AMDHD2,0.0221212121212121
