Pro_code,ImportanceScore
REN,0.1930311002792379
GDF15,0.1151001455690794
LGALS4,0.0842489966095498
NTproBNP,0.0641970262808064
DCBLD2,0.0578616261962923
PCSK9,0.0574492586694858
PRSS8,0.0391808561463309
PLA2G7,0.0286236261617017
ANGPTL3,0.0272482196286575
MMP12,0.026329422777546
PON3,0.0253233684152805
GAST,0.0228993368343112
CTSB,0.0224987670159569
NPPB,0.0207287568998358
ENPP2,0.0205736227388554
CHGA,0.0204010732877342
APOM,0.019424326833969
NCS1,0.0165412321603623
HAVCR1,0.0153021823624162
MET,0.0138017566527089
ACE2,0.0130304279346805
FGFBP1,0.0122560394220328
IGFBP3,0.0106660551315005
VSIG2,0.0104102788376254
TNFRSF10B,0.0095674024711514
EGFR,0.0086339001735984
HYOU1,0.007972292246072
TGFBI,0.0075990944145334
CREG1,0.0052442232202389
PGA4,0.0038559986010174
ADGRG2,0.0036453820991984
IL7R,0.0034381228140676
IFI30,0.0033535333936885
EDA2R,0.0027473398281292
ITGAV,0.0025793741685033
CD99L2,0.0014641207780016
CA14,0.0012210298986585
LPA,0.0011578498228975
IGFBP4,0.0003928332242842
