Pro_code,ImportanceScore
NEFL,0.0594848484848484
CA14,0.0697272727272727
CST5,0.0624646464646464
GFAP,0.0474949494949494
ENPP5,0.0441313131313131
ITGAV,0.0217373737373737
ITGAM,0.0294141414141414
MERTK,0.0438080808080808
COMP,0.0358383838383838
BAG3,0.0367777777777777
IL15,0.045090909090909
TF,0.0393333333333333
CA6,0.0397070707070707
OMG,0.0336060606060606
ACP5,0.0395454545454545
HPGDS,0.0369191919191919
TNXB,0.0289696969696969
FGFBP2,0.0243333333333333
MYOC,0.0218989898989899
ITGB5,0.0324747474747474
CLEC4A,0.0273535353535353
ITGA11,0.0236060606060606
LGALS9,0.0247878787878787
CRTAC1,0.0207171717171717
MXRA8,0.0201111111111111
FAP,0.0199696969696969
PEPD,0.0221111111111111
ITGB2,0.0202323232323232
RGMA,0.0153333333333333
ITGA2,0.013020202020202
