Pro_code,ImportanceScore
XG,0.043040404040404
DCN,0.0397676767676767
GAST,0.0295353535353535
LGALS3,0.021060606060606
COL9A1,0.033030303030303
CHGA,0.0234444444444444
CD276,0.0227676767676767
PTN,0.0243535353535353
BRK1,0.0262525252525252
RBFOX3,0.0226969696969696
PRELP,0.0224242424242424
GDF15,0.0159595959595959
IGSF8,0.0242424242424242
NEFL,0.0212424242424242
GFRA1,0.0125050505050505
CDCP1,0.0218989898989898
MYOM3,0.0222525252525252
PIGR,0.0232121212121212
COL6A3,0.0075555555555555
TNFRSF10A,0.021050505050505
GPNMB,0.020040404040404
VSIG2,0.0143232323232323
CHCHD10,0.0135454545454545
ACE2,0.0172121212121212
CA12,0.0173030303030302
AMBP,0.0159191919191919
BSG,0.0175353535353535
MYL3,0.0157575757575757
ASGR1,0.0159292929292929
SMOC2,0.01810101010101
REN,0.0137777777777777
MYBPC1,0.0131414141414141
TNFSF13,0.0128484848484848
PRSS8,0.013040404040404
LGALS9,0.0111818181818181
NCS1,0.0132727272727272
CD55,0.0127171717171717
HSPB6,0.010010101010101
CTSL,0.0117676767676767
LTBP2,0.0115656565656565
TNFRSF12A,0.0107979797979797
FAM3C,0.012050505050505
PIK3IP1,0.0098888888888888
PLAUR,0.0096464646464646
LAYN,0.0097474747474747
CCN3,0.0104343434343434
TREM2,0.0081515151515151
PDCD1LG2,0.0088383838383838
TNFRSF14,0.0086161616161616
ACAN,0.009090909090909
COLEC12,0.0092828282828282
LMNB2,0.0089797979797979
EDA2R,0.009090909090909
MSR1,0.0087676767676767
SCRG1,0.008070707070707
SCARA5,0.0082424242424242
LGALS4,0.0081212121212121
HAVCR2,0.0116262626262626
TNFRSF1B,0.0071414141414141
TNFRSF1A,0.0073838383838383
PGA4,0.0078383838383838
IL18BP,0.008050505050505
FABP3,0.0076565656565656
TNFRSF11A,0.0075050505050505
EPHA2,0.0065959595959595
NECTIN2,0.0058383838383838
BTN2A1,0.0052626262626262
