Pro_code,ImportanceScore
CST1,0.0531414141414141
MMP10,0.0504040404040403
PRG3,0.0504141414141414
CLC,0.037020202020202
BCAN,0.0524444444444444
CA4,0.0491919191919191
POSTN,0.0416666666666666
ADAM23,0.0411515151515151
LEFTY2,0.0399393939393939
CCL26,0.0389696969696969
CNTN1,0.0375555555555555
SCGB3A2,0.0336868686868686
CDCP1,0.0389393939393939
CAPS,0.0331616161616161
MYBPC2,0.0368383838383838
PAPPA,0.0321414141414141
BPIFB1,0.035050505050505
GOLGA3,0.0301313131313131
CDAN1,0.0351515151515151
TCN1,0.0269191919191919
IL2RA,0.0226767676767676
IL5RA,0.0302424242424242
RNASE3,0.0186969696969696
SIGLEC8,0.0293939393939393
IDO1,0.0205252525252525
CCL28,0.0226565656565656
GADD45GIP1,0.0147171717171717
MECR,0.017040404040404
PRG2,0.0148181818181818
OXCT1,0.0153131313131313
