Pro_code,ImportanceScore
FGF19,0.0628686868686868
PEPD,0.0552222222222222
HAVCR1,0.0445858585858586
REG3A,0.044030303030303
GDF15,0.0492525252525252
KLK13,0.0387878787878787
IL22,0.0484949494949495
AREG,0.0391616161616161
CTSO,0.036070707070707
CCN3,0.0388989898989899
VSIG2,0.0372020202020202
ADAM12,0.0399696969696969
REG1B,0.0323939393939394
CHGA,0.0324040404040404
IL4R,0.0371717171717171
EPHA2,0.0271818181818181
SPINK1,0.0274949494949494
ASGR1,0.030050505050505
REG1A,0.0288282828282828
HAVCR2,0.0273434343434343
B4GALT1,0.0255656565656565
DLL1,0.0216363636363636
TNFRSF11A,0.0238585858585858
ATRAID,0.0251212121212121
EFNA1,0.0205555555555555
GFRA1,0.0207676767676767
EFNA4,0.0225555555555555
AMBP,0.0252020202020202
TNFRSF1A,0.023
CKAP4,0.0143232323232323
