Pro_code,ImportanceScore
PTN,0.0662222222222222
TLR3,0.0467070707070707
IL6ST,0.0614747474747474
KRT5,0.0376969696969697
CTRC,0.0423434343434343
CD99,0.0328282828282828
NFATC3,0.0368989898989899
ASAH2,0.039090909090909
ITM2A,0.0384848484848484
CD209,0.0401313131313131
ISM1,0.0363939393939394
MAGED1,0.0357272727272727
RAD23B,0.0352929292929292
PDCD1LG2,0.0379696969696969
TP53INP1,0.0356363636363636
CPPED1,0.0368787878787878
DPEP2,0.0342323232323232
IL1B,0.0345050505050505
GALNT2,0.0429898989898989
PADI2,0.0282929292929292
ISLR2,0.0281919191919191
SPP1,0.0344242424242424
ARHGAP1,0.024010101010101
CXCL3,0.0243131313131313
FKBP4,0.0163535353535353
PEBP1,0.0175151515151515
PPCDC,0.0142828282828282
FHIT,0.0159393939393939
VTA1,0.0136868686868686
S100A4,0.0114848484848484
