Pro_code,ImportanceScore
DEFB103A_DEFB103B,0.0475858585858585
SLC44A4,0.042050505050505
PSME2,0.0348484848484848
UBAC1,0.0435959595959595
PCDH12,0.0445555555555555
MAPK13,0.0533333333333333
MMP15,0.043020202020202
CA1,0.0437474747474747
MYCBP2,0.0448181818181818
PPCDC,0.0293131313131313
BOLA2_BOLA2B,0.0416262626262626
SEZ6,0.04310101010101
TP53I3,0.0371515151515151
CTBS,0.0366060606060606
LHPP,0.0426565656565656
HMBS,0.0352828282828282
UHRF2,0.0344545454545454
IMPACT,0.031090909090909
CA2,0.0262323232323232
INPP5D,0.0277373737373737
PPME1,0.0262525252525252
PSMG4,0.0234343434343434
PSMG3,0.0228080808080808
DDI2,0.0201515151515151
YOD1,0.0239090909090909
RPE,0.0267171717171717
EIF4EBP1,0.0197777777777777
C9orf40,0.0219090909090909
ST13,0.0148989898989898
NAP1L4,0.0173333333333333
