Pro_code,ImportanceScore
PIGR,0.0351414141414141
AGER,0.0556767676767676
GDF15,0.0452424242424242
TSHB,0.0488585858585858
ALDH3A1,0.0499595959595959
ADAMTSL2,0.038080808080808
CRH,0.0379898989898989
VCAN,0.035080808080808
IL19,0.0501818181818181
REN,0.0301818181818181
LRRN1,0.0374343434343434
KRT8,0.0357878787878787
FCRL1,0.0331111111111111
VSIG2,0.0371616161616161
CEACAM5,0.0367575757575757
ALPP,0.0328989898989898
TNFRSF10A,0.0256666666666666
IFI30,0.0274242424242424
HYAL1,0.0345050505050505
PRSS8,0.036090909090909
LRG1,0.0246868686868686
IL22,0.0298181818181818
TNFRSF11B,0.0277474747474747
PLAUR,0.0234040404040404
PILRA,0.0213030303030302
TFF2,0.0196060606060606
CHI3L1,0.0228787878787878
SPINT1,0.0211111111111111
TNFRSF1B,0.0222525252525252
CXCL17,0.0239595959595959
