Pro_code,ImportanceScore
CDCP1,0.0617474747474747
COL9A1,0.0671919191919192
KLK4,0.0429393939393939
NELL2,0.0576363636363636
CCN3,0.0214141414141414
BRK1,0.0351010101010101
MSTN,0.0481313131313131
PAEP,0.0353636363636363
S100A12,0.0267171717171717
MMP12,0.0256363636363636
CRTAC1,0.0282929292929292
MANSC4,0.0231919191919192
ADAM12,0.0224646464646464
THBS4,0.0196464646464646
CCL7,0.0153333333333333
TREM2,0.0187777777777777
CHGA,0.0219797979797979
COMP,0.0197878787878787
POSTN,0.0204141414141414
PLAUR,0.021
LMNB1,0.0184949494949495
SPP1,0.0167676767676767
COL6A3,0.0091111111111111
FABP3,0.0173333333333333
CSTB,0.0176464646464646
CLEC5A,0.0125858585858585
C9,0.0154646464646464
COL18A1,0.0139393939393939
OGN,0.0113535353535353
AMBP,0.0138989898989899
HAVCR2,0.0133232323232323
MSR1,0.0116060606060606
IGFBP4,0.0104949494949494
EPHA2,0.0119595959595959
CKAP4,0.0123131313131313
MMP13,0.0108383838383838
CD276,0.0112727272727272
TNFRSF9,0.0117474747474747
TNFRSF10B,0.0092020202020202
CHCHD10,0.0084747474747474
IFI30,0.0072929292929292
LTBP2,0.0084141414141414
CXCL8,0.0072727272727272
PSAP,0.006030303030303
GPNMB,0.007060606060606
CAPG,0.0085252525252525
SCRG1,0.0071919191919191
LMNB2,0.0068686868686868
RBFOX3,0.0078181818181818
ACAN,0.0078686868686868
BCAT1,0.0065353535353535
TNC,0.007070707070707
ZBTB17,0.0058181818181818
ASGR2,0.0056060606060606
LILRB4,0.0055353535353535
CTSL,0.0044949494949494
