Pro_code,ImportanceScore
ADM,0.0556767676767676
KLK4,0.0496262626262626
CEACAM16,0.0369898989898989
CHI3L1,0.0384040404040404
POSTN,0.0503030303030302
HMOX1,0.0461212121212121
INSL4,0.0354444444444444
CD34,0.0561616161616161
BMP4,0.0386464646464646
CCL21,0.0383535353535353
LTBP3,0.0474646464646464
C4BPB,0.0371717171717171
ATP6V1D,0.0405454545454545
TCP11,0.0339090909090909
MST1,0.0264747474747474
SSC4D,0.0313636363636363
ACY1,0.0325757575757575
ADAM12,0.0249797979797979
SULT2A1,0.0334141414141414
CEACAM1,0.0266060606060606
OXT,0.0236868686868686
SELPLG,0.0255353535353535
PM20D1,0.0288181818181818
RBP5,0.0242121212121212
PLA2G15,0.0193030303030303
TOP1,0.0225151515151515
IDS,0.0192727272727272
ECHDC3,0.0212020202020201
BST2,0.0167676767676767
FTCD,0.0184545454545454
