Pro_code,ImportanceScore
KLK4,0.0634848484848484
EDIL3,0.0706161616161615
PEAR1,0.0442626262626262
BST2,0.0488484848484848
LRRN1,0.0579292929292929
ADAMTS8,0.0412828282828282
MEP1B,0.0399797979797979
CAPS,0.0366969696969696
ACE2,0.0293535353535353
GAST,0.0308989898989899
HAVCR1,0.0292121212121212
CDCP1,0.0264848484848484
MMP10,0.0326868686868686
ANXA10,0.0337171717171717
GLRX,0.0349595959595959
EGFR,0.0433535353535353
TNFRSF10B,0.0252525252525252
CEACAM1,0.0323434343434343
CBLN4,0.0253434343434343
LMNB1,0.0385050505050505
TDP1,0.0221313131313131
TNFRSF10A,0.0343535353535353
CHGA,0.0196969696969696
SELENOP,0.0211111111111111
IFI30,0.0163535353535353
TNFAIP2,0.0253333333333333
GCHFR,0.0231919191919191
GPRC5C,0.0176565656565656
RAB44,0.0181717171717171
ZHX2,0.0167878787878787
