Pro_code,ImportanceScore
CRTAC1,0.0697373737373737
STC1,0.0675353535353535
CCN3,0.0466161616161616
COL9A1,0.040060606060606
SMC3,0.0479797979797979
CBLN4,0.0398686868686868
HAVCR2,0.0373232323232323
SLC16A1,0.047090909090909
GAST,0.0414545454545454
ADAMTS8,0.0392626262626262
BRK1,0.0335656565656565
KLK4,0.0482525252525252
SLK,0.0281818181818181
IL9,0.0324949494949494
ERBB2,0.025040404040404
NELL2,0.0221717171717171
TLR2,0.0269191919191919
RPA2,0.0335252525252525
NFIC,0.0331111111111111
ENPP6,0.03
PLCB1,0.027070707070707
NEDD9,0.0238787878787878
CD1C,0.0265555555555555
TGFBR1,0.0232222222222222
MTHFD2,0.0179191919191919
CNTN1,0.0206767676767676
MYL3,0.0172626262626262
TIGIT,0.0206262626262626
MYOM3,0.0196565656565656
CHGA,0.0129393939393939
