Pro_code,ImportanceScore
CNTN1,0.0579191919191919
LGALS3,0.0439898989898989
TNR,0.0419090909090909
FOSB,0.0497575757575757
FGR,0.0364848484848484
PSAP,0.043060606060606
MNDA,0.0363838383838383
EDF1,0.0346868686868686
GSR,0.043070707070707
AMBP,0.0318787878787878
LGALS4,0.0397373737373737
GAST,0.0391616161616161
ADAMTS8,0.0336969696969697
CCL7,0.0363737373737373
GDF15,0.0308888888888888
LPCAT2,0.024070707070707
RNASE4,0.0329595959595959
IL15,0.0263030303030303
FMNL1,0.0296262626262626
NCS1,0.0364141414141414
RNASE6,0.0281212121212121
MPO,0.0335858585858585
PRAP1,0.0296060606060606
ADM,0.0238484848484848
ZBTB17,0.031030303030303
VSIG2,0.0234343434343434
CCL16,0.031070707070707
CHGA,0.0219292929292929
NPC2,0.0184343434343434
SNRPB2,0.0105656565656565
