Pro_code,ImportanceScore
PAEP,0.0599104155881274
LDLR,0.0495875109297044
SERPINI1,0.0459870112147928
ART3,0.040013650479916
WFIKKN2,0.0383482780417832
CTSV,0.0342526620718819
MAP1LC3B2,0.0338792465997391
CPM,0.031806738974653
CELA2A,0.0315739196642238
ENG,0.0309512606824796
KIT,0.028127320008808
C1RL,0.0270964164781358
KLK4,0.0257034180200175
GAST,0.0245415105125472
DNER,0.0244950224517676
CHRDL2,0.0237245820525622
KLRD1,0.0205952464205912
IL18R1,0.0203199840768107
ELN,0.0201635096280536
CNTN1,0.0168836125289211
RGL2,0.0163651470692178
SEPTIN3,0.0160212483313004
EGFR,0.01553614405346
UMOD,0.0149140355639838
LAMP3,0.0142188604941139
PZP,0.0133581392817603
CST5,0.0129912391569865
CD160,0.0126471025848625
SPRR3,0.0117765030290087
PRAP1,0.0112413995749948
IGLC2,0.0101428282590066
CA14,0.0101339054929745
AMBP,0.0091063329189375
LEFTY2,0.0074294642898139
PLTP,0.0071215945697288
VSNL1,0.0070660131259742
CDH3,0.0069092079632103
METAP1,0.0068664067259996
OBP2B,0.0066805305365988
DAND5,0.0065883315267643
VSIG2,0.0063448963022543
PDGFC,0.0061318401961745
HPGDS,0.0059494948007365
SERPINA3,0.0055951751976935
FLT3,0.0055711097451915
SEZ6L2,0.0055355119425448
CCAR2,0.0052966239843798
PRKD2,0.0047825026060819
DSG3,0.0047731682955109
FUCA1,0.004442504266646
IGDCC4,0.0043378251230574
KLK14,0.0037612057286116
LIPF,0.0034466172262299
INSR,0.0033342739405079
WFDC12,0.0033108900421859
ALDH3A1,0.0031971997648612
CCL26,0.0031970711869252
SCT,0.0030578357567655
LRIG3,0.0029728388717121
GSAP,0.0028365522536894
BLOC1S2,0.0027859958824837
GGH,0.0027828712169823
PGF,0.0027708445065101
WARS,0.0027573900631545
SHC1,0.0027107441685249
IDUA,0.002673952951615
DPP4,0.0026618921715305
VWA1,0.0026487869355469
ISLR2,0.0026114527048948
CXCL9,0.0026034412892088
CD99L2,0.0025934728162401
PDGFRA,0.0025724593046984
CD244,0.0025712522458481
PSAPL1,0.0025624801988605
LAMA4,0.0025092088987732
CDCP1,0.002499995079786
PRSS8,0.0024737763679441
C9,0.0024655993376297
SORT1,0.0023577392416478
FABP2,0.0023412637527181
TG,0.0022927869246316
ANG,0.0021830041371114
APOM,0.0021130387572056
IPCEF1,0.0019932677706128
TRAF3,0.0018417745172383
NOS1,0.0017839451103105
NTproBNP,0.0017107639283763
TOP1MT,0.0011759115139395
