Pro_code,ImportanceScore
NCAN,0.0657575757575757
ADGRG1,0.0526868686868686
HEBP1,0.0565959595959596
APOA4,0.0403939393939393
CDH1,0.0373636363636363
IDO1,0.0479898989898989
IL1R1,0.0429191919191919
ULBP2,0.0373434343434343
POF1B,0.0334848484848484
SIRPB1,0.0357878787878787
IGFBP4,0.0309090909090909
NCR1,0.0418888888888888
NECTIN2,0.0306565656565656
WFDC2,0.0282222222222222
NBL1,0.0322626262626262
KLRB1,0.0259797979797979
VSIG4,0.0297777777777777
TNFRSF11A,0.0298383838383838
TGFBR2,0.0274848484848484
TNFRSF8,0.0355151515151515
KRT19,0.0295151515151515
TNFRSF4,0.0225454545454545
AMBP,0.0277171717171717
BTN2A1,0.0224949494949494
EPHA2,0.0215050505050505
EFEMP1,0.0198383838383838
LAYN,0.0231111111111111
CD79B,0.0202323232323232
GDF15,0.0266161616161616
FAM3C,0.0235656565656565
