Pro_code,ImportanceScore
GFRAL,0.0616767676767676
TNFSF13,0.0550101010101009
SSC5D,0.0585959595959595
FGF21,0.0543535353535353
CD8A,0.051020202020202
MZB1,0.0416060606060605
VWA1,0.0478282828282828
CXCL9,0.0448383838383838
CPVL,0.0341717171717171
CRTAM,0.0368585858585858
CLC,0.0314646464646464
SELL,0.0378484848484848
FCRL5,0.0332222222222222
SAP18,0.0348686868686868
CXCL10,0.0277575757575757
SLAMF1,0.0298484848484848
ITGAM,0.0363131313131313
RASGRF1,0.0336464646464646
IL22,0.0276767676767676
ITGB2,0.0274242424242424
GZMA,0.0229292929292929
CD160,0.027030303030303
TEX33,0.0201212121212121
KLRK1,0.0203838383838383
EFNA1,0.0203838383838383
CD48,0.0168888888888888
LY9,0.0193636363636363
REG1B,0.0158787878787878
PRSS27,0.0171515151515151
LCN2,0.0138383838383838
