Pro_code,ImportanceScore
EDA2R,0.0781717171717171
MZB1,0.0610909090909091
DKK3,0.0514141414141413
TANK,0.0467777777777777
SERPINA9,0.0524040404040404
AOC1,0.0507777777777777
IVD,0.0382020202020201
AMBP,0.0355959595959595
SCARB2,0.0245454545454545
ITGAM,0.0391919191919191
BGLAP,0.0331919191919191
IMPG1,0.0372020202020202
IL4R,0.0363939393939393
CPXM2,0.025020202020202
ADAMTSL2,0.0387070707070707
ACVRL1,0.0258787878787878
PECR,0.0266262626262626
ITGB2,0.0296060606060606
GPR158,0.0363131313131313
ADM,0.029060606060606
NCR1,0.0245757575757575
PRL,0.0248686868686868
AREG,0.0272525252525252
COL3A1,0.0195858585858585
CD300A,0.0227878787878787
MYOM3,0.0217373737373737
ASGR1,0.0167272727272727
FBLN2,0.0151414141414141
TNFRSF17,0.0175353535353535
SHISA5,0.0136161616161616
