Pro_code,ImportanceScore
PAEP,0.1737611760576649
ELN,0.1073367961921979
CGA,0.0698460865863212
FSHB,0.04756947722715
EDA2R,0.0380607062707704
HAVCR1,0.0351204832595864
CD8A,0.0344199905561135
NEFL,0.0261143325813723
MZB1,0.0253286621252491
CCL27,0.0248714841547925
GDF15,0.0245330379972609
CXCL17,0.023771224842796
PRL,0.0229061218339667
TNFRSF17,0.0210500415396353
ROBO1,0.0202623066711113
PRTG,0.0180563081766313
TNFSF13,0.0167157493536745
FUT3_FUT5,0.016114271574712
PTEN,0.0151343867344726
VCAM1,0.0131513786607616
TIGIT,0.0128120191957506
PDCD1,0.0117240248059325
KRT19,0.0111972527447495
SIGLEC7,0.010292650696934
LIF,0.0076328511523604
FCRL6,0.0074326171371287
LTBP2,0.0065677126105095
CTHRC1,0.0059797290685181
ANGPT2,0.005948342764111
CLEC3B,0.0058559109752112
APOH,0.005746791902059
CBLIF,0.0055480134047294
CHIT1,0.005201625815677
SFRP1,0.0046914979717579
CLPP,0.0045653137972908
CD48,0.0045528812353072
SCGB3A2,0.0043529922853509
CDCP1,0.0042402648695536
SOST,0.0041687309644202
PQBP1,0.0041267565470749
IVD,0.0039728485891867
LRRN1,0.0036897912175148
HS3ST3B1,0.0036035162182514
CRH,0.0036005668551518
CRTAM,0.0034435314065528
AMY1A_AMY1B_AMY1C,0.0025996904005182
MCAM,0.0025897043067568
AGR3,0.0023420626073671
VASH1,0.0023259271998473
SPP1,0.0023134888647328
ATOX1,0.00229195201367
WNT9A,0.0022652072048488
FGF5,0.0021948525102511
NCF2,0.0021878088017762
PADI4,0.0021387461834368
CST5,0.0021338906268731
GBP1,0.0021175820007024
LMNB2,0.0021122786236794
AKT3,0.0021102009996379
CEP85,0.0019662026446277
FABP6,0.0018940337354897
MICB_MICA,0.0018509889712381
CTSC,0.0018436996824425
CSRP3,0.0018184886873096
SIRT5,0.0018051813343497
LECT2,0.001753045539355
IL1RN,0.0016686806434934
LAG3,0.0016499479567175
AHSA1,0.0016384508390474
PRND,0.0016318449016103
DENND2B,0.001572549346134
KIR2DS4,0.0015616504450597
BPIFB1,0.001536867270282
MLLT1,0.0015141106801074
CACNB1,0.0014676334250518
ACTA2,0.0014629602484029
M6PR,0.0014628023890937
PRKAB1,0.0014300946991152
HSPB6,0.0013988975302525
OPTC,0.0013465697805028
SCARA5,0.0013199498257541
VSTM1,0.0012521453400594
KIAA0319,0.0012206538123103
FCGR3B,0.0011410822434668
CTSL,0.0010864651565771
KLRK1,0.0010774725786136
PGF,0.0010493422081381
CMIP,0.0007825391139714
