Unnamed: 0,ID,Description,GeneRatio,BgRatio,pvalue,p.adjust,qvalue,geneID,Count
GO:0031668,GO:0031668,cellular response to extracellular stimulus,1/1,245/18800,0.0130319148936171,0.0219148936170213,,ASGR1,1
GO:0006898,GO:0006898,receptor-mediated endocytosis,1/1,246/18800,0.0130851063829788,0.0219148936170213,,ASGR1,1
GO:0071496,GO:0071496,cellular response to external stimulus,1/1,309/18800,0.016436170212766,0.0219148936170213,,ASGR1,1
GO:0009991,GO:0009991,response to extracellular stimulus,1/1,479/18800,0.0254787234042555,0.0254787234042555,,ASGR1,1
