Unnamed: 0,ID,Description,GeneRatio,BgRatio,pvalue,p.adjust,qvalue,geneID,Count
GO:1902491,GO:1902491,negative regulation of sperm capacitation,1/6,1/18800,0.0003191489361703,0.0392553191489536,0.0221724524076247,PAEP,1
GO:2000359,GO:2000359,regulation of binding of sperm to zona pellucida,1/6,5/18800,0.001594896015948,0.0448214764551538,0.0253163666755683,PAEP,1
GO:0010668,GO:0010668,ectodermal cell differentiation,1/6,7/18800,0.0022322606096988,0.0448214764551538,0.0253163666755683,EDA2R,1
GO:0033299,GO:0033299,secretion of lysosomal enzymes,1/6,7/18800,0.0022322606096988,0.0448214764551538,0.0253163666755683,NAGPA,1
GO:1903430,GO:1903430,negative regulation of cell maturation,1/6,7/18800,0.0022322606096988,0.0448214764551538,0.0253163666755683,PAEP,1
GO:0046884,GO:0046884,follicle-stimulating hormone secretion,1/6,8/18800,0.0025508157332201,0.0448214764551538,0.0253163666755683,CGA,1
