Unnamed: 0,ID,Description,GeneRatio,BgRatio,pvalue,p.adjust,qvalue,geneID,Count
GO:0015701,GO:0015701,bicarbonate transport,1/1,29/18800,0.0015425531914894,0.0031914893617022,,CA4,1
GO:0006730,GO:0006730,one-carbon metabolic process,1/1,40/18800,0.0021276595744681,0.0031914893617022,,CA4,1
