Unnamed: 0,ID,Description,GeneRatio,BgRatio,pvalue,p.adjust,qvalue,geneID,Count
GO:0000381,GO:0000381,"regulation of alternative mRNA splicing, via spliceosome",1/1,60/18800,0.0031914893617022,0.0180212765957451,,RBFOX3,1
GO:0000380,GO:0000380,"alternative mRNA splicing, via spliceosome",1/1,77/18800,0.004095744680851,0.0180212765957451,,RBFOX3,1
GO:0048024,GO:0048024,"regulation of mRNA splicing, via spliceosome",1/1,103/18800,0.0054787234042552,0.0180212765957451,,RBFOX3,1
GO:0050684,GO:0050684,regulation of mRNA processing,1/1,139/18800,0.0073936170212766,0.0180212765957451,,RBFOX3,1
GO:0043484,GO:0043484,regulation of RNA splicing,1/1,154/18800,0.0081914893617023,0.0180212765957451,,RBFOX3,1
