Unnamed: 0,ID,Description,GeneRatio,BgRatio,pvalue,p.adjust,qvalue,geneID,Count
GO:0097186,GO:0097186,amelogenesis,1/1,25/18800,0.0013297872340427,0.0132978723404276,,KLK4,1
GO:0022617,GO:0022617,extracellular matrix disassembly,1/1,62/18800,0.0032978723404255,0.0152482269503547,,KLK4,1
GO:0031214,GO:0031214,biomineral tissue development,1/1,170/18800,0.0090425531914893,0.0152482269503547,,KLK4,1
GO:0110148,GO:0110148,biomineralization,1/1,172/18800,0.0091489361702128,0.0152482269503547,,KLK4,1
GO:0022411,GO:0022411,cellular component disassembly,1/1,460/18800,0.0244680851063832,0.0244680851063832,,KLK4,1
