Unnamed: 0,ID,Description,GeneRatio,BgRatio,pvalue,p.adjust,qvalue,geneID,Count
GO:0050821,GO:0050821,protein stabilization,1/1,191/18800,0.0101595744680851,0.0159574468085107,,TSPAN1,1
GO:0031647,GO:0031647,regulation of protein stability,1/1,300/18800,0.0159574468085107,0.0159574468085107,,TSPAN1,1
