Unnamed: 0,ID,Description,GeneRatio,BgRatio,pvalue,p.adjust,qvalue,geneID,Count
GO:0051216,GO:0051216,cartilage development,1/1,195/18800,0.0103723404255318,0.0207446808510639,,CHRDL2,1
GO:0061448,GO:0061448,connective tissue development,1/1,260/18800,0.0138297872340426,0.0207446808510639,,CHRDL2,1
GO:0001503,GO:0001503,ossification,1/1,420/18800,0.0223404255319151,0.0223404255319151,,CHRDL2,1
