Unnamed: 0,ID,Description,GeneRatio,BgRatio,pvalue,p.adjust,qvalue,geneID,Count
GO:1904862,GO:1904862,inhibitory synapse assembly,1/2,16/18800,0.0017014485831636,0.0234449687794601,0.0011751864049854,CBLN4,1
GO:0099558,GO:0099558,maintenance of synapse structure,1/2,21/18800,0.0022328541694723,0.0234449687794601,0.0011751864049854,CBLN4,1
GO:0000381,GO:0000381,"regulation of alternative mRNA splicing, via spliceosome",1/2,60/18800,0.0063729623463448,0.0286122592532648,0.0014341984588102,RBFOX3,1
GO:0000380,GO:0000380,"alternative mRNA splicing, via spliceosome",1/2,77/18800,0.0081749312152185,0.0286122592532648,0.0014341984588102,RBFOX3,1
GO:0009306,GO:0009306,protein secretion,1/2,350/18800,0.0368884209549399,0.0467285061164477,0.0023422810083432,CBLN4,1
GO:0035592,GO:0035592,establishment of protein localization to extracellular region,1/2,351/18800,0.0369928232941317,0.0467285061164477,0.0023422810083432,CBLN4,1
GO:0071692,GO:0071692,protein localization to extracellular region,1/2,359/18800,0.0378278382847433,0.0467285061164477,0.0023422810083432,CBLN4,1
GO:0050808,GO:0050808,synapse organization,1/2,419/18800,0.0440789064153481,0.048356872479636,0.0024239033824379,CBLN4,1
GO:0034329,GO:0034329,cell junction assembly,1/2,420/18800,0.0441829182856035,0.048356872479636,0.0024239033824379,CBLN4,1
