Unnamed: 0,ID,Description,GeneRatio,BgRatio,pvalue,p.adjust,qvalue,geneID,Count
GO:0071307,GO:0071307,cellular response to vitamin K,1/2,4/18800,0.0004254979610727,0.0067010581142251,0.0003918747435219,POSTN,1
GO:0032571,GO:0032571,response to vitamin K,1/2,7/18800,0.0007445620126916,0.0067010581142251,0.0003918747435219,POSTN,1
GO:1901655,GO:1901655,cellular response to ketone,1/2,94/18800,0.0099752646417362,0.0264672019836789,0.0015477895896888,POSTN,1
GO:0008593,GO:0008593,regulation of Notch signaling pathway,1/2,97/18800,0.0102928007714307,0.0264672019836789,0.0015477895896888,POSTN,1
GO:1901654,GO:1901654,response to ketone,1/2,190/18800,0.0201111591494794,0.0362000864690629,0.0021169641209978,POSTN,1
GO:0030198,GO:0030198,extracellular matrix organization,1/2,307/18800,0.0323937669839838,0.0367961479107647,0.0021518215152494,POSTN,1
GO:0043062,GO:0043062,extracellular structure organization,1/2,308/18800,0.0324984126588895,0.0367961479107647,0.0021518215152494,POSTN,1
GO:0071496,GO:0071496,cellular response to external stimulus,1/2,309/18800,0.0326030526748252,0.0367961479107647,0.0021518215152494,POSTN,1
GO:0045229,GO:0045229,external encapsulating structure organization,1/2,310/18800,0.0327076870317908,0.0367961479107647,0.0021518215152494,POSTN,1
