Unnamed: 0,ID,Description,GeneRatio,BgRatio,pvalue,p.adjust,qvalue,geneID,Count
GO:1902491,GO:1902491,negative regulation of sperm capacitation,1/4,1/18800,0.000212765957447,0.0093617021276686,0.0033594624860054,PAEP,1
GO:2000359,GO:2000359,regulation of binding of sperm to zona pellucida,1/4,5/18800,0.0010634902851528,0.0155978575155751,0.0055973172902781,PAEP,1
GO:1903430,GO:1903430,negative regulation of cell maturation,1/4,7/18800,0.0014886487983271,0.0163751367815982,0.0058762452565543,PAEP,1
GO:0032725,GO:0032725,positive regulation of granulocyte macrophage colony-stimulating factor production,1/4,15/18800,0.0031879258539674,0.0227065520819659,0.0081482842399399,PAEP,1
GO:0032604,GO:0032604,granulocyte macrophage colony-stimulating factor production,1/4,17/18800,0.00361240601304,0.0227065520819659,0.0081482842399399,PAEP,1
GO:0032645,GO:0032645,regulation of granulocyte macrophage colony-stimulating factor production,1/4,17/18800,0.00361240601304,0.0227065520819659,0.0081482842399399,PAEP,1
GO:0002090,GO:0002090,regulation of receptor internalization,1/4,58/18800,0.0122844112521037,0.0450428412577134,0.0161636990159259,RSPO1,1
GO:2000242,GO:2000242,negative regulation of reproductive process,1/4,63/18800,0.0133380868488604,0.045144293949989,0.0162001054844458,PAEP,1
GO:0009988,GO:0009988,cell-cell recognition,1/4,69/18800,0.0146013845076498,0.0458900655954708,0.0164677268883268,PAEP,1
