Unnamed: 0,ID,Description,GeneRatio,BgRatio,pvalue,p.adjust,qvalue,geneID,Count
GO:0035902,GO:0035902,response to immobilization stress,1/1,20/18800,0.0010638297872341,0.0046808510638297,,TFF1,1
GO:0030277,GO:0030277,maintenance of gastrointestinal epithelium,1/1,22/18800,0.0011702127659574,0.0046808510638297,,TFF1,1
GO:0010039,GO:0010039,response to iron ion,1/1,31/18800,0.0016489361702128,0.0046808510638297,,TFF1,1
GO:0010669,GO:0010669,epithelial structure maintenance,1/1,32/18800,0.0017021276595744,0.0046808510638297,,TFF1,1
GO:0022600,GO:0022600,digestive system process,1/1,104/18800,0.005531914893617,0.0121702127659575,,TFF1,1
GO:0007586,GO:0007586,digestion,1/1,137/18800,0.0072872340425532,0.0133599290780143,,TFF1,1
GO:0060249,GO:0060249,anatomical structure homeostasis,1/1,319/18800,0.0169680851063828,0.0228191489361703,,TFF1,1
GO:0043434,GO:0043434,response to peptide hormone,1/1,404/18800,0.0214893617021279,0.0236382978723407,,TFF1,1
