Unnamed: 0,ID,Description,GeneRatio,BgRatio,pvalue,p.adjust,qvalue,geneID,Count
GO:0019730,GO:0019730,antimicrobial humoral response,3/12,122/18800,5.62034084441123e-05,0.0153435305052426,0.0088742223859124,IL17A/PI3/WFDC12,3
GO:0043616,GO:0043616,keratinocyte proliferation,2/12,47/18800,0.0003973521138089,0.0353601081060109,0.0204511903447143,AREG/KLK8,2
GO:0032739,GO:0032739,positive regulation of interleukin-16 production,1/12,1/18800,0.0006382978723404,0.0353601081060109,0.0204511903447143,IL17A,1
GO:0060598,GO:0060598,dichotomous subdivision of terminal units involved in mammary gland duct morphogenesis,1/12,1/18800,0.0006382978723404,0.0353601081060109,0.0204511903447143,AREG,1
GO:0006959,GO:0006959,humoral immune response,3/12,317/18800,0.0009331611343264,0.0424588316118529,0.0245568719559589,IL17A/PI3/WFDC12,3
GO:0032619,GO:0032619,interleukin-16 production,1/12,3/18800,0.0019137733396303,0.0497435509712637,0.0287701278029287,IL17A,1
GO:0042695,GO:0042695,thelarche,1/12,4/18800,0.0025509513318596,0.0497435509712637,0.0287701278029287,AREG,1
GO:0060744,GO:0060744,mammary gland branching involved in thelarche,1/12,4/18800,0.0025509513318596,0.0497435509712637,0.0287701278029287,AREG,1
GO:0071228,GO:0071228,cellular response to tumor cell,1/12,4/18800,0.0025509513318596,0.0497435509712637,0.0287701278029287,IGFBPL1,1
