Unnamed: 0,ID,Description,GeneRatio,BgRatio,pvalue,p.adjust,qvalue,geneID,Count
GO:0030198,GO:0030198,extracellular matrix organization,1/1,307/18800,0.0163297872340428,0.0164893617021276,,COL9A1,1
GO:0043062,GO:0043062,extracellular structure organization,1/1,308/18800,0.0163829787234042,0.0164893617021276,,COL9A1,1
GO:0045229,GO:0045229,external encapsulating structure organization,1/1,310/18800,0.0164893617021276,0.0164893617021276,,COL9A1,1
