Pro_code,ImportanceScore
GDF15,0.1652452582721362
EDA2R,0.0692462232325331
TNFRSF10B,0.0434703183903932
ADM,0.0344732604210235
HAVCR1,0.0337872765194595
EGFR,0.0326403532591806
VSIG4,0.0319628980499842
CHCHD10,0.0311995167566078
EFNA4,0.029148586154184
TRIM21,0.0290697474291297
CXCL9,0.0260967777137054
IGLC2,0.0258626759184656
ADGRG2,0.025688850815184
IL6,0.0254152605079023
MSR1,0.0227904400602832
WFDC2,0.0191356747888976
AGER,0.0182515755443346
C7,0.0175984310808974
CD300E,0.0172459764124757
REG1A,0.0167430174678301
AREG,0.0163904209907997
HAVCR2,0.0157530569114437
LRRN1,0.0156886857155703
DPP4,0.0152158237502532
NPC2,0.0150003613931764
CKAP4,0.0136395516250853
CHGA,0.0127021461816156
GAST,0.0124308139255186
TNFRSF9,0.0111004301133924
PRAP1,0.0097817049079352
LY9,0.0096296821395941
LMNB2,0.0094650968448204
ITGA11,0.0088963541448602
BCAN,0.007811983443357
CD79B,0.007741507550264
CD27,0.0066769397197743
COLEC12,0.0051642335942459
CCL15,0.0051211207837134
CILP,0.0048209902229301
LGALS4,0.0048045793919008
SPON1,0.0047104387023003
TGFBI,0.0044745795119283
FAP,0.0043104551276811
DSC2,0.003847323242693
PRL,0.003215703843501
IL15RA,0.0031993907391276
GRP,0.0030986334619035
SLAMF7,0.0029173371053868
CLEC4D,0.0027675680485741
OBP2B,0.0027345378626069
C1RL,0.0027308035092569
TFF3,0.0026218657497174
CD34,0.002598927477275
IL15,0.0024775278412106
KIT,0.0024038758498657
CD72,0.002264870912708
TNFRSF4,0.0021202695556824
CDCP1,0.002113529355701
REN,0.0020848582561161
AMBP,0.0020685558883552
CRISP2,0.0020615627260888
SPRING1,0.0020508759339654
CD99L2,0.0019407597136412
CSF1,0.0018262476684269
PPP1R14D,0.0017318090710444
MAD1L1,0.0016651059080257
LAIR1,0.0016017873192316
SPON2,0.0015703623131056
IGDCC4,0.0015278578312555
VSTM1,0.0012213189323456
LY6D,0.0011336583964161
