Pro_code,ImportanceScore
CEACAM16,0.1302948046721141
CHI3L1,0.074625445917789
GGT1,0.0602011940240959
FGF21,0.0501572138758595
SSC4D,0.0476866199616635
MAMDC4,0.0357014630068412
TPP1,0.0336259119627019
SLITRK2,0.033493504714845
TIMP4,0.0300824914918333
CNTN5,0.0297661317786099
ACY1,0.0297047924733922
SMPDL3A,0.0287279441512286
PIGR,0.0268823394506473
NOTCH1,0.0268279691483132
CDHR5,0.0259213442842547
OMD,0.0254763620916903
SMPD1,0.0235631136353546
ADM,0.022143238619856
C4BPB,0.0218568918842405
ECHDC3,0.0214873805873971
VWA1,0.0194999269367097
SCGB1A1,0.0191384445679606
ADAMTSL2,0.0185995890005055
ADGRD1,0.0177015051785527
TFF2,0.0167694535248692
PRSS8,0.0164572465488193
IL1RL2,0.012917029671239
HMOX1,0.0103019713902475
PVR,0.0084003701238697
NPTX1,0.0082643056337994
SCLY,0.007797979466528
FETUB,0.0074661378181733
LAMP1,0.0072889498666651
KITLG,0.0060477554915211
ALPP,0.0053464885551935
ADA,0.005228498405064
FUT3_FUT5,0.003952384880576
PLA2G15,0.0029142878551917
IMMT,0.0026456212727356
DLK1,0.0023913269637936
GFRAL,0.0022744558290126
ADAM22,0.0020382272614432
BCAN,0.0018256306258868
GALNT10,0.0017940343022651
CBLN4,0.0017452949617756
LRRN1,0.0017276227691546
TFPI2,0.0017064099299771
CTSD,0.0016759553106628
TNR,0.0016719312047996
VASN,0.0015139075934379
NT5C1A,0.0014075953657984
DPP7,0.0013278482697082
CENPF,0.0011598641108347
AGRN,0.0007757915804982
