Pro_code,ImportanceScore
NTproBNP,0.0435353535353535
EDA2R,0.0298989898989899
PGF,0.0247171717171717
NPPB,0.0275151515151515
LAYN,0.0339595959595959
XG,0.0309292929292929
F10,0.0303131313131313
IGFBP6,0.0172323232323232
REN,0.0232727272727272
NCS1,0.0237575757575757
MMP12,0.0223535353535353
FGF23,0.0153737373737373
CD38,0.0195151515151515
GUCA2A,0.0209595959595959
HSPB6,0.0155757575757575
PTN,0.0197676767676767
IGFBP4,0.0133434343434343
TNFRSF19,0.0113838383838383
TAFA5,0.0135353535353535
BAMBI,0.0149393939393939
GDF15,0.0107373737373737
FABP1,0.0149393939393939
CLMP,0.0128787878787878
VWC2,0.013070707070707
SHISA5,0.0122626262626262
KLK4,0.0125555555555555
NECTIN4,0.0131010101010101
LCN2,0.0131818181818181
LTBP2,0.0138181818181818
TFF1,0.0153737373737373
BTN2A1,0.011070707070707
KLK11,0.0118888888888888
SCARB2,0.0107474747474747
IGFBP7,0.0109494949494949
TFF3,0.0129595959595959
SORCS2,0.0086969696969696
WFDC2,0.0091414141414141
CD300E,0.010030303030303
B2M,0.0106464646464646
LGALS4,0.0113737373737373
SPINK1,0.0088787878787878
ACVRL1,0.0082626262626262
CRIM1,0.0079595959595959
TNFRSF12A,0.0095353535353535
SPON1,0.0097575757575757
CLEC14A,0.010070707070707
GFRA1,0.0093838383838383
TNFRSF9,0.0119393939393939
ANGPT2,0.0085959595959595
EFNA4,0.0079494949494949
OGN,0.0085656565656565
ULBP2,0.0085050505050505
PTGDS,0.007070707070707
EFNA1,0.007070707070707
EPHA2,0.0081111111111111
RELT,0.0068080808080808
REG1A,0.0067171717171717
TNFRSF11A,0.0083737373737373
HLA-E,0.0068686868686868
REG3A,0.0076565656565656
CCN3,0.0068888888888888
SPON2,0.0068585858585858
PIK3IP1,0.0067474747474747
JAM2,0.0065454545454545
IGFBP2,0.0074444444444444
SPP1,0.0064242424242424
AGRN,0.0062424242424242
DLL1,0.0053232323232323
TGFBR2,0.0059696969696969
LAIR1,0.0053636363636363
NPDC1,0.0061212121212121
CD302,0.0065959595959595
PLAUR,0.0061010101010101
HSPG2,0.0055151515151515
FSTL3,0.005050505050505
VSIG4,0.0053333333333333
TNFRSF1B,0.0049696969696969
TNFRSF1A,0.0047575757575757
NBL1,0.0055454545454545
CST3,0.0048888888888888
CD59,0.0051414141414141
COLEC12,0.0045252525252525
CHRDL1,0.0042828282828282
RSPO3,0.0044949494949494
COL6A3,0.0034848484848484
