Pro_code,ImportanceScore
GDF15,0.0555454545454545
KLK3,0.0741919191919192
HAVCR1,0.0309696969696969
ENPEP,0.0385757575757575
SCGN,0.0399090909090909
PALLD,0.0388282828282828
NRP1,0.0476666666666666
KLRD1,0.031090909090909
TACSTD2,0.033080808080808
HIF1A,0.0357272727272727
CRISP3,0.0345454545454545
CSRP3,0.032090909090909
CCL15,0.0362929292929292
NFASC,0.0315959595959595
GAST,0.0326868686868686
PLB1,0.0376666666666666
MB,0.0295858585858585
ATXN2L,0.0323333333333333
PYY,0.0286868686868686
TMPRSS15,0.0283838383838383
CTSO,0.0247777777777777
MMP7,0.0318787878787878
PIGR,0.036060606060606
MYBPC1,0.025050505050505
TPSG1,0.0264040404040404
BLNK,0.0198181818181818
SPINK1,0.0203939393939393
CLEC12A,0.0195757575757575
IGFBP7,0.0269191919191919
LGALS4,0.0196666666666666
