Pro_code,ImportanceScore
WFDC2,0.0465353535353535
ICAM2,0.0534343434343434
CLIC5,0.0399595959595959
VWC2,0.0505757575757575
NME3,0.0444040404040403
FZD10,0.041020202020202
SSB,0.0327474747474747
DKK4,0.039060606060606
GALNT5,0.039040404040404
SLC51B,0.0351414141414141
FOLR1,0.0421111111111111
PMCH,0.0277070707070707
CEMIP2,0.0334040404040403
DDR1,0.0315252525252525
C1QTNF9,0.0398484848484848
TAP1,0.0375858585858585
MRPL58,0.0326363636363636
RGL2,0.0337676767676767
FOLR2,0.0276060606060606
EPCAM,0.0272222222222222
GLYR1,0.0299797979797979
PAEP,0.0293737373737373
GPA33,0.0183131313131313
ITPRIP,0.0265454545454545
NECTIN4,0.0288585858585858
CPTP,0.0205151515151515
CDH3,0.022040404040404
IL10RB,0.0221212121212121
FGFR2,0.0201717171717171
ALPP,0.0267474747474747
