Pro_code,ImportanceScore
KIAA0319,0.0635757575757576
CBLIF,0.0454242424242424
ANXA10,0.0635656565656565
ANG,0.0511616161616161
HAVCR1,0.0463636363636363
ADGRG1,0.0364848484848484
TFF1,0.0547373737373737
CTSD,0.0375959595959596
WFDC2,0.0405757575757575
MMP12,0.0311010101010101
GGH,0.028080808080808
SIT1,0.0409696969696969
REG4,0.039050505050505
CTSL,0.0348484848484848
AIFM1,0.0244949494949495
REG3A,0.0334848484848485
P4HB,0.0332222222222222
HGF,0.0256666666666666
NCLN,0.0359595959595959
SORT1,0.0292727272727272
GAST,0.0228484848484848
APEX1,0.0271414141414141
GDF15,0.0194949494949495
CFB,0.0195353535353535
LBR,0.0219090909090909
SIAE,0.0201111111111111
CCL20,0.024
LGMN,0.019060606060606
CXCL8,0.0173535353535353
LGALS8,0.0129090909090909
