Pro_code,ImportanceScore
KLK3,0.0401616161616161
BCL2L11,0.0635757575757575
KRT5,0.0513939393939393
NTproBNP,0.0439898989898989
TSPAN1,0.0404242424242424
IGSF3,0.0434444444444444
MB,0.0425454545454545
GDF15,0.0393030303030302
CD27,0.0341919191919191
CA3,0.0372929292929292
MYO6,0.0359090909090909
IGFBP6,0.0388989898989899
OTOA,0.0341717171717171
PGF,0.0286363636363636
HS6ST1,0.0352222222222222
ANGPTL4,0.0319898989898989
TFF3,0.0241616161616161
MAMDC2,0.0266060606060606
TNFRSF13B,0.0259393939393939
IGFBP4,0.024070707070707
B4GALT1,0.0284949494949494
CSH1,0.0295757575757575
HYOU1,0.0399292929292929
HSPG2,0.0233737373737373
CLEC1A,0.0262525252525252
ADAM12,0.0233939393939393
AMOT,0.0214343434343434
EPHB4,0.0182828282828282
PIK3IP1,0.0212222222222222
DTNB,0.0261111111111111
