Pro_code,ImportanceScore
FCRLB,0.051030303030303
FSTL1,0.0401313131313131
NEFL,0.0483838383838383
IL12A_IL12B,0.0377777777777777
NOS1,0.0389191919191919
CD27,0.0322929292929293
DCBLD2,0.0445959595959596
RNASET2,0.029010101010101
SEMA7A,0.0453030303030303
RSPO3,0.033070707070707
GDF15,0.031060606060606
FCRL2,0.0342626262626262
FGF23,0.0426565656565656
CD302,0.030020202020202
GFRA1,0.0235353535353535
ADAM8,0.0385151515151515
WFDC2,0.0336666666666666
TNFRSF8,0.0303333333333333
EPHA2,0.033040404040404
TNFRSF13B,0.0304747474747474
CTSB,0.0452121212121212
TNFRSF4,0.0225555555555555
CD74,0.0278989898989899
TNFRSF9,0.0258787878787878
CD79B,0.0218888888888888
FCER2,0.0241111111111111
EFNA4,0.0214646464646464
TNFRSF12A,0.0312828282828282
LAYN,0.0259797979797979
EDA2R,0.0256464646464646
