Pro_code,ImportanceScore
GDF15,0.2593201461504115
IGFBP4,0.0682196068496037
REN,0.0540652794726498
HAVCR1,0.0527710444042813
NTproBNP,0.0325176478076725
UMOD,0.0323429916298596
FAM3C,0.0322208326895354
SPINK4,0.0268292976541042
TNFRSF10B,0.0267814231509298
EFNA4,0.0265050988705935
WIF1,0.026365687470617
CHI3L1,0.0246823536814725
AMBP,0.020419602339624
LGALS4,0.0183279333544166
INSL4,0.0170861908553131
PRSS8,0.0169015427897656
PCSK9,0.0159801106046696
RNASE1,0.0153689093972729
CNTN5,0.0133223032616985
NPPB,0.0130665071910366
IL5RA,0.0129883539231233
CST3,0.0121003383529492
RAB6A,0.0115721896908608
FSTL3,0.0112057637839407
B2M,0.0099001499528808
CLEC3B,0.0095379581909455
CD302,0.0089975231470013
VSIG4,0.0084061546266856
ADGRG2,0.0078209751411095
NFASC,0.0074346346984539
RNASE6,0.0074273303186612
INPP1,0.0055153201789377
CCN5,0.0054777214640868
CD27,0.0053266480019659
CD22,0.0052294794515644
TNFRSF11A,0.0045507932050045
TNNI3,0.0045440191268626
WFDC2,0.0045395901061145
GIPC2,0.0038516549647863
FABP3,0.0037835414397096
AOC3,0.003661689128328
ADM,0.0033380177876278
NT5C1A,0.0032153314360687
EDA2R,0.0029365301330921
TNFRSF10A,0.0027808011866791
NPDC1,0.0024855109960677
AFP,0.0024730397777207
EPHB6,0.0024407419480488
APOM,0.0021341195851262
CD300LG,0.0020579709778494
DMP1,0.0019644372832111
LRRN1,0.001901950105023
RBP1,0.0018954326603613
TNFRSF12A,0.0018820494377508
CX3CL1,0.0017685702367235
SCARB2,0.0017312097806683
ITGA6,0.0016980654049142
PLXNB2,0.0016211849355438
EIF1AX,0.0016156229063427
SYAP1,0.0015616507606684
APOC1,0.0014317941704364
LRG1,0.0013961004291459
OMD,0.0013747471868563
TFF1,0.0013482891742557
PRKD2,0.0011774324979301
TGFBR2,0.0011335162092026
SNCG,0.0011148731762095
REG1A,0.0010338285692913
SHISA5,0.000923396570575
PON3,0.0005974461571066
