Pro_code,ImportanceScore
GFAP,0.0768484848484848
GDF15,0.0702525252525252
NEFL,0.0582828282828282
HAVCR1,0.0458484848484848
CHI3L1,0.0401818181818181
CEACAM5,0.0466464646464646
PTGDS,0.0317272727272727
LGALS4,0.0353232323232323
CD4,0.0327373737373737
MRC1,0.0394545454545454
PLAUR,0.0341919191919191
PVR,0.0384848484848484
TFF2,0.0312323232323232
LTBP2,0.0389090909090909
CHGA,0.0307777777777777
WFDC2,0.028030303030303
IL4R,0.0252626262626262
C7,0.0283939393939393
REG3A,0.0245757575757575
CKB,0.0319494949494949
GFRA1,0.0214646464646464
VSIG2,0.0257777777777777
TFF3,0.0215858585858585
FABP1,0.0206868686868686
NECTIN2,0.0256060606060605
REG4,0.0199090909090909
SPON2,0.0215656565656565
AREG,0.0199494949494949
EPHA2,0.0162828282828282
TNFRSF10A,0.018060606060606
