Pro_code,ImportanceScore
GFAP,0.0612222222222222
SLC51B,0.0466666666666666
CRNN,0.0493131313131313
MEPE,0.045020202020202
EPO,0.0481313131313131
ID4,0.0402424242424242
SFRP1,0.0365757575757575
APEX1,0.0325050505050504
HAVCR1,0.0333131313131313
NPL,0.032020202020202
ANGPTL7,0.0271414141414141
MELTF,0.0298989898989898
SEPTIN3,0.0317777777777777
SCARB1,0.0419898989898989
STX5,0.0349898989898989
IGFBPL1,0.0299999999999999
CHI3L1,0.0392424242424242
PVR,0.0372525252525252
SEZ6L2,0.0315959595959595
CCDC134,0.0228080808080808
COL4A1,0.0384848484848484
IL32,0.0224646464646464
PSG1,0.0279191919191919
SSNA1,0.0225151515151515
GDF15,0.0205656565656565
TNFRSF10B,0.0309696969696969
DDR1,0.0262525252525252
CD274,0.0174949494949494
CSF1R,0.0182929292929292
GPRC5C,0.0233333333333333
