Pro_code,ImportanceScore
IL18,0.0395050505050505
CCDC50,0.057080808080808
GGT5,0.0485757575757575
PIGR,0.0286262626262626
APOF,0.0336767676767676
MMP7,0.0379898989898989
MICB_MICA,0.041010101010101
SCN3A,0.0384444444444444
NT5E,0.034060606060606
GBA,0.0352020202020202
SCT,0.0298989898989899
ECE1,0.0382424242424242
BSND,0.0377171717171717
GUCA2A,0.0366464646464646
BST2,0.0476868686868686
SCN2B,0.0285252525252525
MSR1,0.0247979797979798
IDUA,0.0351313131313131
EZR,0.0288484848484848
GAST,0.0269292929292929
NGF,0.0325858585858585
CD80,0.0285959595959596
BCAN,0.0334141414141414
BPIFB2,0.028070707070707
CD8A,0.0286666666666666
CD164,0.0257373737373737
GPKOW,0.0207878787878787
VSIG2,0.0277777777777777
CHGA,0.0183838383838383
LGALS3BP,0.0273838383838383
