Pro_code,ImportanceScore
ITGAM,0.0768181818181818
CFC1,0.050030303030303
LEG1,0.0457777777777777
CA6,0.0483232323232322
CDH22,0.0387575757575757
PTH1R,0.0421515151515151
TGFBR2,0.0360909090909091
NBL1,0.0339595959595959
CABP2,0.0415757575757575
FCER1A,0.0412828282828282
MERTK,0.0395252525252525
ASGR1,0.037090909090909
ADAMTS15,0.0324545454545454
COL5A1,0.0346565656565656
PGA4,0.0236262626262626
RTBDN,0.0285757575757575
LIPF,0.0344848484848484
AKR1B10,0.0296767676767676
SUSD4,0.0244646464646464
GAST,0.0295252525252525
GDF15,0.0245656565656565
IGF1R,0.0276464646464646
SPINK1,0.0337777777777777
NPPC,0.03010101010101
AGRN,0.0242222222222222
VSIG2,0.0205858585858585
CHGA,0.0166767676767676
ADAMTSL2,0.0209898989898989
PTPRK,0.0183535353535353
PRAP1,0.0142323232323232
