Pro_code,ImportanceScore
GDF15,0.0476666666666666
EDA2R,0.0467373737373737
ITGAV,0.0527676767676767
CHGA,0.0587979797979798
ADA2,0.0435858585858585
EFEMP1,0.0554444444444444
ITGA11,0.0472222222222222
RAB6A,0.0468989898989899
NEFL,0.0511515151515151
GFRA1,0.0391111111111111
GAST,0.0426666666666666
DSC2,0.0268282828282828
WFDC2,0.0285151515151515
CSF1,0.0299191919191919
CD27,0.0297878787878787
TFF3,0.0274040404040404
OGN,0.0273434343434343
NECTIN2,0.0257676767676767
IL18BP,0.0247777777777777
TNFRSF1A,0.0225555555555555
DLL1,0.0239090909090909
CKAP4,0.0263131313131313
EPHA2,0.0211212121212121
OSCAR,0.0261919191919191
COL6A3,0.0239696969696969
ASGR1,0.0274040404040404
VSIG4,0.0195555555555555
B4GALT1,0.0192222222222222
RNASET2,0.022050505050505
IGFBP4,0.0153131313131313
