Pro_code,ImportanceScore
DPP4,0.0537171717171717
SCRG1,0.0622828282828282
DNM3,0.0461919191919191
TACSTD2,0.0411616161616161
AMIGO2,0.0428181818181818
PRL,0.0392828282828282
CPA4,0.0369595959595959
DNPEP,0.0362222222222222
IL4,0.0369191919191919
IFNG,0.0349898989898989
CLEC4A,0.0424747474747474
SCGN,0.0364545454545454
IL22,0.0343636363636363
FAM171A2,0.0399191919191919
NOS3,0.0354242424242424
CD300LF,0.0302222222222222
LYVE1,0.0285959595959595
IL31RA,0.0351717171717171
ENPP5,0.028050505050505
GOT1,0.0259696969696969
ENPP2,0.0296161616161616
ADAM15,0.0258181818181818
LEO1,0.0184040404040404
KLRF1,0.0305353535353535
NUP50,0.0234545454545454
PEPD,0.02510101010101
TNFRSF11B,0.0258585858585858
ITGAV,0.0202929292929292
C1RL,0.0218686868686868
ACHE,0.0118585858585858
