Pro_code,ImportanceScore
NTproBNP,0.2089023989630223
GDF15,0.105367551646393
ANGPT2,0.0521368563902689
NPPB,0.045902416232999
RBFOX3,0.0387212278216797
EDA2R,0.0346974660234817
PON3,0.0322030039806655
REN,0.0316940200411916
LTBP2,0.0307517158689989
TNFRSF10B,0.0237098420770726
CA14,0.0236010955412605
F10,0.0225114054896759
UMOD,0.0215136738542613
AOC3,0.0194746862424168
APOC1,0.0185433694830044
NCAN,0.0176128329757653
CA4,0.0168742321200665
CD302,0.0148628935471006
PRRT3,0.0145020606361006
FGF23,0.0144098320579238
ACE2,0.0128820160013873
TNFRSF4,0.0126949425288908
WFDC2,0.0113558541914043
NPC2,0.0111727343168815
AGER,0.0097649864335162
ACTA2,0.0093064238003389
IL6,0.0074324349177516
WARS,0.0059058482687178
C1QTNF1,0.0057748795536497
DIPK2B,0.0057527606505867
PI16,0.0054507323953482
IGFBP7,0.0052375608295396
BMPER,0.0050518063419283
AREG,0.0046811926814055
ITGBL1,0.0044292799056604
MYL3,0.0039716872448872
TFRC,0.0038738984870857
FABP4,0.00362719485858
MFAP4,0.0035981934455472
HAVCR1,0.0035023247632283
TNFSF12,0.0034919113071519
CTHRC1,0.0034030150031591
MMP7,0.0033743484972567
MMP13,0.0028423445815545
ROBO2,0.0028275509648376
SDK2,0.0027487722812718
CD200,0.002615121832118
NPHS2,0.0025193689945227
COL24A1,0.0023656950855159
MEPE,0.0023081159412332
MMP12,0.0022980963555203
YAP1,0.0022890853728866
AGBL2,0.0022243946889571
EFEMP1,0.0021883764536122
TRIM21,0.0021837442142677
LILRA5,0.0020352609901813
TNFSF14,0.0019858775398975
WIF1,0.0019835127600517
HSD11B1,0.0019353498787907
APOF,0.0018201071531463
EDN1,0.00179127766305
ENPP6,0.0017448484922138
LCAT,0.0017411057281967
APLP1,0.0016831881928854
SPINK6,0.0016228478488541
ELN,0.0014221308419392
NELL2,0.0013858273708804
COL6A3,0.0013854931940246
HSPB6,0.0013812142502441
ATXN3,0.0013548241654236
MAN1A2,0.0013321681043632
ACTN2,0.001230269620542
PTPRB,0.0012302572257052
ADAMTSL2,0.0011109659524523
IMPA1,0.0010465368064679
KAZN,0.0010246709800954
PHOSPHO1,0.0010076794543839
DMP1,0.0010063805828808
PALM2,0.0009722912409947
COL18A1,0.0009323023292303
CERT,0.0006943374495521
