Pro_code,ImportanceScore
NTproBNP,0.2522834304950749
GDF15,0.0669013628669288
EDA2R,0.064734855213061
NPPB,0.0520855215119379
ANGPT2,0.0332777428161343
HAVCR1,0.031102920817413
BCAN,0.0261574005260873
LTBP2,0.025175321183206
REN,0.023892781335357
IGDCC4,0.0237883988319664
CDCP1,0.0222259317168882
ART3,0.0221659464011553
IGFBP7,0.0208489712786091
CXCL17,0.0194530885116429
NCAN,0.0168868173885634
IL6,0.0166493744807566
LRTM2,0.0156399394378646
NTF4,0.0153432916079618
NPL,0.0151483184891928
FGF23,0.0148876125589218
APOC1,0.0143189217013933
PON3,0.0140610405477896
EPCAM,0.0140173020145979
MMP12,0.0127625839703615
ADGRG2,0.0120208727573669
ACTA2,0.0097850889824588
ADAMTS13,0.009683100127931
MZB1,0.0087029359600495
TNFRSF4,0.0082730751781951
SEZ6L,0.0072239541098653
ACE2,0.0071982449296046
CA4,0.0068441599274065
CD302,0.0062824421687225
TNFRSF10A,0.0059180428891921
MET,0.005178924690099
UMOD,0.004835239667345
PTPRS,0.0045899390027097
THBD,0.0042230235013436
APOM,0.0036721342655114
ERC2,0.0036690628764752
SIGLEC8,0.0034978110699181
HSPB6,0.0034786372572779
ICOSLG,0.00347161480827
TNFRSF13B,0.0032079630055435
CTRB1,0.0030263589761539
PRRT3,0.0028633574680238
PRND,0.0025976519885266
KLK4,0.0025882202410755
CA14,0.0023723375187543
SLITRK1,0.0023308001619781
VASN,0.0022800297692124
CD79B,0.0022672251681472
STC1,0.0020556873890432
CHAD,0.0020227019325131
CXCL9,0.0019247130579809
FABP3,0.0018830119407925
DPP4,0.0018653834002146
SNCG,0.0018567507794448
FGFBP1,0.0017839004091813
CD27,0.0017604006782403
ADA2,0.0017149910820156
TRIM21,0.0015909856616866
LRRN1,0.0015488666210459
ADM,0.0014939131895985
F7,0.00146097517772
RUVBL1,0.001146594510497
