Pro_code,ImportanceScore
NEFL,0.0654949494949495
GDF15,0.0485555555555555
NPPB,0.0567777777777777
NTproBNP,0.0495050505050505
PON3,0.0449595959595959
CCL7,0.0445050505050505
CD302,0.0409595959595959
TNFRSF10A,0.0369494949494949
GPR37,0.035
TFF3,0.0373131313131313
PGF,0.0287575757575757
ASGR1,0.0391515151515151
FABP4,0.0375252525252525
LGALS4,0.0291515151515151
NT5C1A,0.0322727272727272
TNFRSF12A,0.0328282828282828
PLAUR,0.034010101010101
SPINK1,0.0295959595959595
CD59,0.0287373737373737
TNFRSF14,0.0317676767676767
RNASET2,0.0249090909090909
TIMP1,0.0223838383838383
RELT,0.0222828282828282
COLEC12,0.0236363636363636
LGALS9,0.0211010101010101
COL18A1,0.026010101010101
IGFBP4,0.0204646464646464
TNFRSF1A,0.0186868686868686
VSIG4,0.0177272727272727
LAIR1,0.0189797979797979
