Pro_code,ImportanceScore
FASLG,0.0516969696969696
PLTP,0.0421515151515151
IL6,0.0432727272727272
IFI30,0.0398686868686868
WFDC2,0.0379898989898989
TXNDC15,0.0465050505050505
SPARCL1,0.0431212121212121
MENT,0.0403636363636363
SEL1L,0.0334848484848484
GSN,0.036020202020202
RGMA,0.0357777777777777
LRG1,0.0335050505050505
GAST,0.0366464646464646
FCN1,0.0407979797979798
CXCL13,0.0305757575757575
CA6,0.0278787878787878
CDCP1,0.0298080808080808
VSIG2,0.0319292929292929
MRC1,0.040080808080808
POMC,0.0358585858585858
DSG3,0.0311010101010101
SCT,0.0306060606060606
IL2RA,0.0244646464646464
MXRA8,0.0267979797979798
GDF15,0.022060606060606
EGFR,0.0283333333333333
IGDCC4,0.0253434343434343
B2M,0.0211010101010101
RNASE6,0.0154747474747474
NPC2,0.0173838383838383
