Pro_code,ImportanceScore
GDF15,0.0311919191919191
CDCP1,0.0479393939393939
EDA2R,0.0358484848484848
EGFR,0.0434545454545454
FUT3_FUT5,0.039070707070707
IL6,0.0478888888888888
MSLN,0.0322222222222222
LAMP3,0.026050505050505
WFDC2,0.0224848484848484
CLEC5A,0.0208686868686868
TNFRSF10A,0.0258585858585858
FGF23,0.0257171717171717
NTproBNP,0.0255656565656565
SEL1L,0.029030303030303
RELT,0.0217171717171717
IL2RA,0.0215858585858585
IGLC2,0.0232828282828282
CXCL17,0.0287575757575757
EFNA4,0.0177272727272727
CEACAM6,0.0139999999999999
HAVCR2,0.0189595959595959
PLAUR,0.0175858585858585
CD300E,0.0206262626262626
AREG,0.020020202020202
LGALS9,0.0202525252525252
MRC1,0.0229292929292929
LAIR1,0.0157171717171717
CD27,0.0149999999999999
LTBP2,0.0179090909090909
GAST,0.0143232323232323
CHGA,0.0145656565656565
TNFRSF1B,0.016020202020202
ICAM1,0.0144141414141414
CKB,0.0152121212121212
TTR,0.0167979797979797
PSAP,0.0147979797979797
LRG1,0.0135757575757575
RNASE1,0.0146868686868686
SCARB2,0.0132424242424242
CD80,0.0131717171717171
FGL1,0.0122727272727272
TNFRSF10B,0.01310101010101
VSIG4,0.0135454545454545
IGFBP4,0.0097676767676767
SHISA5,0.0111717171717171
NPC2,0.0085656565656565
B2M,0.0071515151515151
IFI30,0.0074141414141414
RNASE6,0.0069393939393939
