Pro_code,ImportanceScore
MMP12,0.0573131313131312
REG3A,0.0526565656565656
GDF15,0.0288888888888888
IL6,0.0539595959595959
AREG,0.0423030303030303
NT5C1A,0.0438080808080808
SHISA5,0.0569696969696969
TNFRSF1B,0.0448181818181818
CSF1,0.0488080808080807
PLAUR,0.0316565656565656
VSIG4,0.0308585858585858
LAIR1,0.0305656565656565
FGF23,0.0343030303030303
RTBDN,0.0289090909090908
IGFBP4,0.0303535353535353
RNASE6,0.0282020202020201
SORCS2,0.0306868686868686
EFNA4,0.0253131313131313
IL10RB,0.027070707070707
COL6A3,0.0316363636363636
ADM,0.0258787878787878
CD4,0.0282828282828282
TNFRSF1A,0.0236060606060606
COL18A1,0.0226565656565656
AGRN,0.0179898989898989
WFDC2,0.0221414141414141
FSTL3,0.0216464646464646
SMOC1,0.0233939393939393
LGALS9,0.0208383838383838
NPC2,0.0344848484848484
