Pro_code,ImportanceScore
AMOT,0.0501010101010101
ATP5PO,0.0441212121212121
BTN1A1,0.0407676767676767
SLITRK2,0.0418181818181818
DMP1,0.0418787878787878
TYRP1,0.0476868686868686
FBN2,0.0391616161616161
ALCAM,0.0458383838383838
SLC9A3R2,0.046010101010101
CXCL12,0.0363838383838384
CLEC4G,0.0376969696969697
CEACAM18,0.029070707070707
GAST,0.0367979797979798
ULBP2,0.0347575757575757
NFIC,0.0296969696969696
SMPD1,0.0317373737373737
FDX1,0.0337676767676767
IL18R1,0.0274646464646464
TIMP2,0.0261111111111111
TK1,0.0255959595959596
FGF21,0.0335454545454545
MANEAL,0.0271919191919191
ASAH2,0.0273838383838383
HJV,0.0248282828282828
GALNT5,0.0298585858585858
PTPRH,0.0207373737373737
RTN4R,0.0242323232323232
RBP5,0.0215858585858585
PALM2,0.0207373737373737
APOF,0.0234343434343434
