Pro_code,ImportanceScore
CXCL17,0.2711550880901719
WFDC2,0.1119796432316253
GDF15,0.0671061277026255
TNR,0.0488918183634547
ALPP,0.0384214950449877
CEACAM5,0.0322858454537084
AGER,0.030412922664952
CDCP1,0.0268005500470785
MMP12,0.0254510539378766
EDA2R,0.0238077787707234
SFTPD,0.0219834248204282
DPP4,0.0210292283989273
SCGB1A1,0.0204900996194935
RGMA,0.0196763500402652
CA14,0.0166398262981474
CLEC3B,0.0161201191231278
LAMP3,0.0147914308482481
DPP6,0.0140660020906192
ODAM,0.0134595770796922
CFP,0.0124472959964141
TNFRSF10B,0.0118942475582754
IFI30,0.0107323454136566
IGDCC4,0.0105751278201861
BCAN,0.0101870043249763
PIGR,0.009479077960967
CLSTN1,0.0089193957592256
MMP9,0.007713464945392
MEPE,0.0071760152516646
POMC,0.0061309447236782
PTH,0.005977330886105
IL22,0.0058100352928452
FUT3_FUT5,0.0046205980849015
CD58,0.0044594851309261
EGFR,0.003879198028734
MYLPF,0.0038007976269475
AGRP,0.0033881481863282
ENPP5,0.003379265340904
PLA2G7,0.0032231633797642
GASK1A,0.0032195056702973
CXCL9,0.0029989098003486
AXL,0.0017812790062117
KLK4,0.0017669117228418
ICAM5,0.0016501489368768
NELL2,0.0016281453429903
WFIKKN2,0.0016050622983306
NTproBNP,0.0015556743685615
CAPG,0.0014897704945307
CR2,0.0013657682548321
FOLR2,0.0012531834293082
MSLNL,0.001208072271826
TNFSF13B,0.0012010425913262
IL7R,0.0011553755398398
BPIFB1,0.0011386154430007
S100A16,0.0009824422500964
SEZ6L,0.0009352246189467
MSTN,0.0009267649215195
OMG,0.0008822903211587
GSN,0.0008780335875385
CNTN1,0.0007211691759105
PLAUR,0.0006814835976488
LAIR1,0.0006138030180111
