Pro_code,ImportanceScore
ITGAV,0.0836363636363636
NEFL,0.053050505050505
POMC,0.0623939393939394
B4GALT1,0.0376060606060606
CD302,0.0346363636363636
PTGDS,0.0371818181818181
KLK13,0.0462121212121212
OGN,0.0414040404040404
IFNGR1,0.0394646464646464
CHGA,0.0433535353535353
CA12,0.0366464646464646
CKAP4,0.0338585858585858
GDF15,0.0277878787878787
EPHB4,0.0376464646464646
NECTIN4,0.0333030303030303
MANSC1,0.0358888888888888
TGFBR2,0.0363737373737373
WFDC2,0.0287878787878787
DSC2,0.0219797979797979
EPHA2,0.0213737373737373
VSIG4,0.0232727272727272
CD27,0.0253939393939393
TNFRSF19,0.0242121212121212
LTBR,0.0213232323232323
KLK11,0.0227373737373737
TNFRSF1A,0.0185151515151515
COLEC12,0.0184646464646464
NBL1,0.0213535353535353
CSF1,0.0195454545454545
DLL1,0.0125959595959595
