Pro_code,ImportanceScore
PAEP,0.0392222222222222
PON2,0.0443333333333333
SLAMF7,0.0455353535353535
CHRDL2,0.0386868686868686
KLK4,0.0401616161616161
DEFA1_DEFA1B,0.0471313131313131
CA4,0.0456868686868686
CKMT1A_CKMT1B,0.0358080808080808
RNF149,0.0392424242424242
FLT3LG,0.0463636363636363
MAP1LC3B2,0.0322222222222222
FSHB,0.0337373737373737
IL32,0.0292424242424242
SLURP1,0.0269090909090909
TSPAN1,0.0297878787878787
CDH3,0.039020202020202
STX1B,0.041080808080808
CYP24A1,0.0312424242424242
GFRAL,0.0235858585858585
PZP,0.0423131313131313
MATN3,0.0235151515151515
KHDC3L,0.0261717171717171
GSN,0.0275252525252525
EPO,0.0326161616161616
PI16,0.0297777777777777
FGF16,0.0325050505050505
FNDC1,0.0243939393939393
CD82,0.017080808080808
SCARA5,0.0164040404040404
CD86,0.0186969696969697
