Pro_code,ImportanceScore
TXK,0.0785252525252525
IL17RA,0.059030303030303
NPPB,0.04410101010101
PLXNB2,0.0487575757575757
CAPG,0.0527272727272727
ARTN,0.0476565656565656
PAEP,0.0462424242424242
ADAMTS4,0.0429494949494949
NOTCH1,0.0391818181818181
NTproBNP,0.0344848484848484
DRG2,0.0377777777777777
TNFAIP8,0.0306363636363636
FAP,0.0354747474747474
GRPEL1,0.0274848484848484
MTDH,0.0336363636363636
LETM1,0.0262121212121212
OXCT1,0.0239595959595959
VASH1,0.0282828282828282
SYTL4,0.0255555555555555
CLPP,0.0264949494949494
AIFM1,0.0223939393939393
RAB2B,0.0234242424242424
EBAG9,0.0254343434343434
RTN4IP1,0.0243838383838383
ACADSB,0.0209797979797979
CASP7,0.023040404040404
ACOT13,0.0258181818181818
PRDX3,0.0161010101010101
TOMM20,0.0147878787878787
FXN,0.0144646464646464
