Pro_code,ImportanceScore
PSG1,0.0497373737373737
MASP1,0.0323939393939393
CDH3,0.0359595959595959
LRIG1,0.0467474747474747
ADAMTS16,0.0442222222222222
VSIG2,0.0426666666666666
FSHB,0.0387575757575757
DPP4,0.0313939393939393
RGL2,0.0426767676767676
LEFTY2,0.0331616161616161
VTCN1,0.0436262626262626
FBP1,0.0446464646464646
TMPRSS5,0.0314848484848485
CD6,0.0341616161616161
TSPAN1,0.0251818181818181
PTK7,0.0312727272727272
GFRA3,0.0334949494949494
HLA-DRA,0.0356666666666666
FGF23,0.0403030303030302
CLSTN2,0.0301818181818181
MAGEA3,0.0347373737373737
CNTN2,0.0302020202020202
PEPD,0.0266666666666666
CNTN4,0.0273838383838383
TNFSF10,0.0287777777777777
AXL,0.0237474747474747
GSN,0.0231616161616161
CLEC3B,0.0252323232323232
GSR,0.0186464646464646
SIGLEC8,0.0137070707070707
