Pro_code,ImportanceScore
COL9A1,0.0634444444444444
LRTM2,0.0571313131313131
ISM2,0.042060606060606
DSC2,0.0387777777777777
CRIM1,0.0494141414141413
TIMD4,0.0497474747474747
COMP,0.057020202020202
CRTAC1,0.0306767676767676
SOST,0.0373333333333333
FOS,0.0466565656565656
TIGIT,0.0431818181818181
MAPK9,0.0434848484848484
DCN,0.0258787878787878
CDC25A,0.0277474747474747
ARNTL,0.0364848484848484
MMP3,0.0294646464646464
ACAN,0.0236161616161616
VAT1,0.0377070707070706
DCTPP1,0.0298080808080807
ICAM5,0.0295959595959595
LRP1,0.0336262626262626
THBD,0.0304949494949494
EIF2AK3,0.0165757575757575
STX4,0.0225353535353535
PHLDB1,0.0208484848484848
NME3,0.0215454545454545
TRIM58,0.0125151515151515
FRMD4B,0.0136666666666666
MICALL2,0.0151313131313131
CDC42BPB,0.0138282828282828
