"Unnamed: 0","ID","Description","GeneRatio","BgRatio","pvalue","p.adjust","qvalue","geneID","Count"
"R-HSA-373076","R-HSA-373076","Class A/1 (Rhodopsin-like receptors)","5/18","335/10891",0.000164543035892727,0.0161718180055994,0.0109539087635181,"CGA/PROK1/PYY/NPY/INSL3",5
"R-HSA-375276","R-HSA-375276","Peptide ligand-binding receptors","4/18","201/10891",0.000281249008793032,0.0161718180055994,0.0109539087635181,"PROK1/PYY/NPY/INSL3",4
"R-HSA-500792","R-HSA-500792","GPCR ligand binding","5/18","467/10891",0.000764091440342827,0.0292901718798084,0.0198395672229366,"CGA/PROK1/PYY/NPY/INSL3",5
