"Unnamed: 0","ID","Description","GeneRatio","BgRatio","pvalue","p.adjust","qvalue","geneID","Count"
"R-HSA-5669034","R-HSA-5669034","TNFs bind their physiological receptors","6/38","29/10891",5.34616929475407e-10,1.10131087471934e-07,9.22917646673334e-08,"CD27/EDA2R/TNFRSF1A/TNFRSF1B/TNFRSF4/TNFRSF9",6
"R-HSA-5668541","R-HSA-5668541","TNFR2 non-canonical NF-kB pathway","6/38","102/10891",1.26019674537687e-06,0.00012980026477381,0.00010877487696937,"CD27/EDA2R/TNFRSF1A/TNFRSF1B/TNFRSF4/TNFRSF9",6
"R-HSA-6783783","R-HSA-6783783","Interleukin-10 signaling","4/38","47/10891",2.01812122888816e-05,0.00138577657716987,0.00116130484750055,"CD80/IL6/TNFRSF1A/TNFRSF1B",4
"R-HSA-8957275","R-HSA-8957275","Post-translational protein phosphorylation","5/38","108/10891",3.37970481390113e-05,0.00174054797915908,0.00145860944599944,"FGF23/IGFBP4/IGFBP7/IL6/SHISA5",5
"R-HSA-381426","R-HSA-381426","Regulation of Insulin-like Growth Factor (IGF) transport and uptake by Insulin-like Growth Factor Binding Proteins (IGFBPs)","5/38","125/10891",6.81151249632231e-05,0.00280634314848479,0.0023517643145197,"FGF23/IGFBP4/IGFBP7/IL6/SHISA5",5
"R-HSA-198933","R-HSA-198933","Immunoregulatory interactions between a Lymphoid and a non-Lymphoid cell","5/38","134/10891",9.47799689682921e-05,0.00325411226791136,0.00272700261592981,"CD300E/COLEC12/HLA-E/LAIR1/LILRB4",5
"R-HSA-2172127","R-HSA-2172127","DAP12 interactions","3/38","45/10891",0.00050261848171362,0.0147913438904295,0.0123954031580503,"CD300E/CLEC5A/HLA-E",3
