"Unnamed: 0","ID","Description","GeneRatio","BgRatio","pvalue","p.adjust","qvalue","geneID","Count"
"R-HSA-5669034","R-HSA-5669034","TNFs bind their physiological receptors","2/6","29/10891",0.00010201833672482,0.00102018336724828,0.00021477544573647,"EDA2R/TNFSF13B",2
"R-HSA-163125","R-HSA-163125","Post-translational modification: synthesis of GPI-anchored proteins","2/6","92/10891",0.00103570311284978,0.00355996190933158,0.00074946566512243,"MSLN/PLAUR",2
"R-HSA-5668541","R-HSA-5668541","TNFR2 non-canonical NF-kB pathway","2/6","102/10891",0.00127133519856572,0.00355996190933158,0.00074946566512243,"EDA2R/TNFSF13B",2
"R-HSA-8957275","R-HSA-8957275","Post-translational protein phosphorylation","2/6","108/10891",0.00142398476373263,0.00355996190933158,0.00074946566512243,"IGFBP4/MSLN",2
"R-HSA-381426","R-HSA-381426","Regulation of Insulin-like Growth Factor (IGF) transport and uptake by Insulin-like Growth Factor Binding Proteins (IGFBPs)","2/6","125/10891",0.00190201243795339,0.00380402487590678,0.00080084734229616,"IGFBP4/MSLN",2
"R-HSA-75205","R-HSA-75205","Dissolution of Fibrin Clot","1/6","13/10891",0.00714217364700676,0.0119036227450113,0.002506025841055,"PLAUR",1
"R-HSA-5676594","R-HSA-5676594","TNF receptor superfamily (TNFSF) members mediating non-canonical NF-kB pathway","1/6","18/10891",0.00987781997127168,0.014111171387531,0.00297077292369073,"TNFSF13B",1
"R-HSA-6798695","R-HSA-6798695","Neutrophil degranulation","2/6","482/10891",0.026041485766847,0.0325518572085587,0.00685302257022288,"CEACAM6/PLAUR",2
