"Unnamed: 0","ID","Description","GeneRatio","BgRatio","pvalue","p.adjust","qvalue","geneID","Count"
"R-HSA-5083635","R-HSA-5083635","Defective B3GALTL causes PpS","1/1","37/10891",0.00339730052336806,0.0139564778257273,NA,"ADAMTS1",1
"R-HSA-5173214","R-HSA-5173214","O-glycosylation of TSR domain-containing proteins","1/1","38/10891",0.00348911945643182,0.0139564778257273,NA,"ADAMTS1",1
"R-HSA-3906995","R-HSA-3906995","Diseases associated with O-glycosylation of proteins","1/1","68/10891",0.00624368744835202,0.0166498331956054,NA,"ADAMTS1",1
"R-HSA-5173105","R-HSA-5173105","O-linked glycosylation","1/1","111/10891",0.010191901570104,0.0175068099042022,NA,"ADAMTS1",1
"R-HSA-1474228","R-HSA-1474228","Degradation of the extracellular matrix","1/1","140/10891",0.0128546506289599,0.0175068099042022,NA,"ADAMTS1",1
"R-HSA-3781865","R-HSA-3781865","Diseases of glycosylation","1/1","143/10891",0.0131301074281517,0.0175068099042022,NA,"ADAMTS1",1
"R-HSA-5668914","R-HSA-5668914","Diseases of metabolism","1/1","249/10891",0.0228629143329354,0.0261290449519262,NA,"ADAMTS1",1
"R-HSA-1474244","R-HSA-1474244","Extracellular matrix organization","1/1","300/10891",0.0275456799191992,0.0275456799191992,NA,"ADAMTS1",1
