"Unnamed: 0","ID","Description","GeneRatio","BgRatio","pvalue","p.adjust","qvalue","geneID","Count"
"R-HSA-2129379","R-HSA-2129379","Molecules associated with elastic fibres","3/21","37/10891",4.60281511635269e-05,0.00191850022112228,0.00125534865108997,"ITGAV/BMP10/LTBP2",3
"R-HSA-9006936","R-HSA-9006936","Signaling by TGFB family members","4/21","122/10891",7.7403453279886e-05,0.00191850022112228,0.00125534865108997,"ITGAV/GDF2/BMP10/LTBP2",4
"R-HSA-1566948","R-HSA-1566948","Elastic fibre formation","3/21","44/10891",7.7777035991444e-05,0.00191850022112228,0.00125534865108997,"ITGAV/BMP10/LTBP2",3
"R-HSA-1474244","R-HSA-1474244","Extracellular matrix organization","5/21","300/10891",0.000217100467857624,0.00401635865536605,0.00262805829511861,"ITGAV/ITGA11/BMP10/LTBP2/KDR",5
"R-HSA-216083","R-HSA-216083","Integrin cell surface interactions","3/21","85/10891",0.000551290122487464,0.00815909381281447,0.00533880960724702,"ITGAV/ITGA11/KDR",3
"R-HSA-201451","R-HSA-201451","Signaling by BMP","2/21","28/10891",0.00129871978438999,0.0160175440074766,0.0104808965056035,"GDF2/BMP10",2
"R-HSA-202733","R-HSA-202733","Cell surface interactions at the vascular wall","3/21","137/10891",0.00219388502741322,0.0231924988612255,0.0151757460542869,"ITGAV/ANGPT2/GAS6",3
"R-HSA-2173789","R-HSA-2173789","TGF-beta receptor signaling activates SMADs","2/21","46/10891",0.00348248857680169,0.0322130193354156,0.0210782203332734,"ITGAV/LTBP2",2
