"Unnamed: 0","ID","Description","GeneRatio","BgRatio","pvalue","p.adjust","qvalue","geneID","Count"
"R-HSA-6783783","R-HSA-6783783","Interleukin-10 signaling","3/19","47/10891",6.95402779710435e-05,0.00321035582872142,0.00231724931997937,"CCL4/CCL20/TNF",3
"R-HSA-449147","R-HSA-449147","Signaling by Interleukins","6/19","473/10891",0.00010875119191347,0.00321035582872142,0.00231724931997937,"MMP3/CCL4/CCL20/SOX2/TNF/LGALS9",6
"R-HSA-380108","R-HSA-380108","Chemokine receptors bind chemokines","3/19","59/10891",0.000137586678373775,0.00321035582872142,0.00231724931997937,"CCL4/CCL7/CCL20",3
"R-HSA-375276","R-HSA-375276","Peptide ligand-binding receptors","4/19","201/10891",0.000351131391953193,0.00607459401911014,0.00438466936717724,"CCL4/PSAP/CCL7/CCL20",4
"R-HSA-881907","R-HSA-881907","Gastrin-CREB signalling pathway via PKC and MAPK","2/19","18/10891",0.000433899572793581,0.00607459401911014,0.00438466936717724,"MMP3/GAST",2
"R-HSA-6785807","R-HSA-6785807","Interleukin-4 and Interleukin-13 signaling","3/19","108/10891",0.000818598589189509,0.00955031687387761,0.00689346180370113,"MMP3/SOX2/TNF",3
"R-HSA-373076","R-HSA-373076","Class A/1 (Rhodopsin-like receptors)","4/19","335/10891",0.00236288673290923,0.0236288673290923,0.0170554230345328,"CCL4/PSAP/CCL7/CCL20",4
