"Unnamed: 0","ID","Description","GeneRatio","BgRatio","pvalue","p.adjust","qvalue","geneID","Count"
"R-HSA-1433559","R-HSA-1433559","Regulation of KIT signaling","2/20","16/10891",0.000378589057854938,0.0322270654500898,0.0226154845263788,"KIT/YES1",2
"R-HSA-9669938","R-HSA-9669938","Signaling by KIT in disease","2/20","20/10891",0.000596797508334997,0.0322270654500898,0.0226154845263788,"KIT/YES1",2
"R-HSA-9670439","R-HSA-9670439","Signaling by phosphorylated juxtamembrane, extracellular and kinase domain KIT mutants","2/20","20/10891",0.000596797508334997,0.0322270654500898,0.0226154845263788,"KIT/YES1",2
"R-HSA-8940973","R-HSA-8940973","RUNX2 regulates osteoblast differentiation","2/20","24/10891",0.000863116877850384,0.0349562335529405,0.0245306902125899,"YES1/ABL1",2
"R-HSA-8941326","R-HSA-8941326","RUNX2 regulates bone development","2/20","32/10891",0.00153751046064668,0.0498153389249525,0.034958132578914,"YES1/ABL1",2
