"Unnamed: 0","ID","Description","GeneRatio","BgRatio","pvalue","p.adjust","qvalue","geneID","Count"
"R-HSA-198933","R-HSA-198933","Immunoregulatory interactions between a Lymphoid and a non-Lymphoid cell","5/20","134/10891",3.49698637152851e-06,0.000297243841579923,0.000187732952576793,"KLRD1/B2M/LILRB4/TREM2/SIGLEC1",5
"R-HSA-2424491","R-HSA-2424491","DAP12 signaling","3/20","30/10891",2.08333974334732e-05,0.00088541939092261,0.00055921224689849,"KLRD1/B2M/TREM2",3
"R-HSA-2172127","R-HSA-2172127","DAP12 interactions","3/20","45/10891",7.15459253379363e-05,0.00202713455124153,0.00128029550604728,"KLRD1/B2M/TREM2",3
"R-HSA-164938","R-HSA-164938","Nef-mediates down modulation of cell surface receptors by recruiting them to clathrin adapters","2/20","21/10891",0.000658892290776982,0.0140014611790109,0.0088430281130595,"B2M/CD4",2
"R-HSA-164952","R-HSA-164952","The role of Nef in HIV-1 replication and disease pathogenesis","2/20","28/10891",0.0011769011675516,0.0178880872328196,0.0112977393049387,"B2M/CD4",2
"R-HSA-5669034","R-HSA-5669034","TNFs bind their physiological receptors","2/20","29/10891",0.00126268851055197,0.0178880872328196,0.0112977393049387,"CD27/TNFSF13B",2
