"Unnamed: 0","ID","Description","GeneRatio","BgRatio","pvalue","p.adjust","qvalue","geneID","Count"
"R-HSA-6809371","R-HSA-6809371","Formation of the cornified envelope","3/10","130/10891",0.00018757299765529,0.00528983317529207,0.00379114583671548,"KLK13/KLK8/PI3",3
"R-HSA-8854691","R-HSA-8854691","Interleukin-20 family signaling","2/10","25/10891",0.00022509928405498,0.00528983317529207,0.00379114583671548,"IL19/IL22",2
"R-HSA-449147","R-HSA-449147","Signaling by Interleukins","4/10","473/10891",0.00059848663745794,0.00937629065350777,0.00671984996444006,"IL17A/IL19/IL22/IL36G",4
"R-HSA-6805567","R-HSA-6805567","Keratinization","3/10","214/10891",0.00081066327521458,0.0095252934837714,0.00682663810707021,"KLK13/KLK8/PI3",3
