"Unnamed: 0","ID","Description","GeneRatio","BgRatio","pvalue","p.adjust","qvalue","geneID","Count"
"R-HSA-5668541","R-HSA-5668541","TNFR2 non-canonical NF-kB pathway","5/23","102/10891",1.92140868100312e-06,0.000361224832028586,0.000303380318053124,"TNFSF13/LTBR/TNFRSF11A/TNFSF13B/TNFRSF14",5
"R-HSA-5676594","R-HSA-5676594","TNF receptor superfamily (TNFSF) members mediating non-canonical NF-kB pathway","3/23","18/10891",6.57652766505525e-06,0.000618193600515194,0.000519199552504362,"LTBR/TNFRSF11A/TNFSF13B",3
"R-HSA-5669034","R-HSA-5669034","TNFs bind their physiological receptors","3/23","29/10891",2.90062493980077e-05,0.00181772496227515,0.0015266447051583,"TNFSF13/TNFSF13B/TNFRSF14",3
"R-HSA-451927","R-HSA-451927","Interleukin-2 family signaling","3/23","44/10891",0.000102983366134783,0.00484021820833482,0.00406513287374145,"IL2RA/IL15/LGALS9",3
"R-HSA-9694614","R-HSA-9694614","Attachment and Entry","2/23","19/10891",0.000713772112812134,0.0268378314417362,0.0225401719835411,"AGRN/HAVCR1",2
