"Unnamed: 0","ID","Description","GeneRatio","BgRatio","pvalue","p.adjust","qvalue","geneID","Count"
"R-HSA-5669034","R-HSA-5669034","TNFs bind their physiological receptors","3/21","29/10891",2.18615177552528e-05,0.00207684418674902,0.00151880018089125,"TNFRSF8/LTA/TNFRSF4",3
"R-HSA-166658","R-HSA-166658","Complement cascade","3/21","58/10891",0.000178086964736237,0.00845913082497124,0.00618617877504822,"CR2/CFHR4/MBL2",3
"R-HSA-5668541","R-HSA-5668541","TNFR2 non-canonical NF-kB pathway","3/21","102/10891",0.000938371602389483,0.0297151007423336,0.0217307107921775,"TNFRSF8/LTA/TNFRSF4",3
