"Unnamed: 0","ID","Description","GeneRatio","BgRatio","pvalue","p.adjust","qvalue","geneID","Count"
"R-HSA-418990","R-HSA-418990","Adherens junctions interactions","1/2","33/10891",0.00605114592810829,0.0215043032782451,0.00282951358924277,"NECTIN2",1
"R-HSA-2129379","R-HSA-2129379","Molecules associated with elastic fibres","1/2","37/10891",0.00678337030120402,0.0215043032782451,0.00282951358924277,"EFEMP1",1
"R-HSA-1566948","R-HSA-1566948","Elastic fibre formation","1/2","44/10891",0.0080641137293419,0.0215043032782451,0.00282951358924277,"EFEMP1",1
"R-HSA-421270","R-HSA-421270","Cell-cell junction organization","1/2","64/10891",0.0117188276619331,0.0234376553238662,0.00308390201629819,"NECTIN2",1
"R-HSA-446728","R-HSA-446728","Cell junction organization","1/2","91/10891",0.01664199190931,0.0266271870548961,0.00350357724406527,"NECTIN2",1
"R-HSA-1500931","R-HSA-1500931","Cell-Cell communication","1/2","129/10891",0.023550063957072,0.0279510948971136,0.00367777564435706,"NECTIN2",1
"R-HSA-198933","R-HSA-198933","Immunoregulatory interactions between a Lymphoid and a non-Lymphoid cell","1/2","134/10891",0.0244572080349744,0.0279510948971136,0.00367777564435706,"NECTIN2",1
