"Unnamed: 0","ID","Description","GeneRatio","BgRatio","pvalue","p.adjust","qvalue","geneID","Count"
"R-HSA-6783783","R-HSA-6783783","Interleukin-10 signaling","4/24","47/10891",3.0365829768198e-06,0.000370463123172016,0.000246123041279079,"TNFRSF1B/CSF1/IL6/IL10RB",4
"R-HSA-5669034","R-HSA-5669034","TNFs bind their physiological receptors","3/24","29/10891",3.30906846421003e-05,0.00201853176316812,0.00134104353549564,"TNFRSF1B/TNFRSF14/TNFRSF4",3
"R-HSA-5668541","R-HSA-5668541","TNFR2 non-canonical NF-kB pathway","4/24","102/10891",6.67200680977784e-05,0.00254369288381315,0.00168994264066965,"TNFRSF1B/TNFRSF14/LTBR/TNFRSF4",4
"R-HSA-8957275","R-HSA-8957275","Post-translational protein phosphorylation","4/24","108/10891",8.33997666823985e-05,0.00254369288381315,0.00168994264066965,"TNC/CSF1/IL6/FSTL3",4
"R-HSA-381426","R-HSA-381426","Regulation of Insulin-like Growth Factor (IGF) transport and uptake by Insulin-like Growth Factor Binding Proteins (IGFBPs)","4/24","125/10891",0.00014709032513178,0.00358900393321544,0.00238441158634676,"TNC/CSF1/IL6/FSTL3",4
"R-HSA-449836","R-HSA-449836","Other interleukin signaling","2/24","24/10891",0.001247062617845,0.0235927282672449,0.0156742025589116,"CSF1/IL10RB",2
"R-HSA-8854691","R-HSA-8854691","Interleukin-20 family signaling","2/24","25/10891",0.00135368113008782,0.0235927282672449,0.0156742025589116,"IL20/IL10RB",2
"R-HSA-198933","R-HSA-198933","Immunoregulatory interactions between a Lymphoid and a non-Lymphoid cell","3/24","134/10891",0.00305096179221477,0.0439037429089386,0.0291681467125821,"COLEC12/SIGLEC1/NECTIN2",3
"R-HSA-449147","R-HSA-449147","Signaling by Interleukins","5/24","473/10891",0.00323880070639711,0.0439037429089386,0.0291681467125821,"TNFRSF1B/CSF1/IL6/IL20/IL10RB",5
