"Unnamed: 0","ID","Description","GeneRatio","BgRatio","pvalue","p.adjust","qvalue","geneID","Count"
"R-HSA-5669034","R-HSA-5669034","TNFs bind their physiological receptors","8/64","29/10891",3.52351666899262e-12,8.70308617241178e-10,7.86300561922564e-10,"CD27/LTA/TNFRSF14/TNFRSF1A/TNFRSF1B/TNFRSF4/TNFRSF8/TNFRSF9",8
"R-HSA-6783783","R-HSA-6783783","Interleukin-10 signaling","8/64","47/10891",2.37684266991902e-10,2.93540069735e-08,2.65205603169912e-08,"CCL3/CD80/CSF1/IL6/TIMP1/TNF/TNFRSF1A/TNFRSF1B",8
"R-HSA-5668541","R-HSA-5668541","TNFR2 non-canonical NF-kB pathway","9/64","102/10891",6.96670517442051e-09,5.46658510823783e-07,4.93891345811387e-07,"CD27/LTA/TNF/TNFRSF14/TNFRSF1A/TNFRSF1B/TNFRSF4/TNFRSF8/TNFRSF9",9
"R-HSA-449147","R-HSA-449147","Signaling by Interleukins","16/64","473/10891",8.85276940605317e-09,5.46658510823783e-07,4.93891345811387e-07,"CCL3/CD80/CSF1/HAVCR2/IL18BP/IL2RA/IL6/LGALS9/MMP3/PRTN3/S100A12/SDC1/TIMP1/TNF/TNFRSF1A/TNFRSF1B",16
"R-HSA-6798695","R-HSA-6798695","Neutrophil degranulation","13/64","482/10891",3.52277203055197e-06,0.00017402493830926,0.00015722687799516,"ADAM8/CLEC5A/FCAR/LAIR1/LRG1/MPO/OSCAR/PLAUR/PRTN3/S100A12/S100P/SERPINA3/TNFRSF1B",13
"R-HSA-198933","R-HSA-198933","Immunoregulatory interactions between a Lymphoid and a non-Lymphoid cell","7/64","134/10891",1.26398335554047e-05,0.00052033981469749,0.0004701131076747,"CD300E/LAIR1/LILRA5/LILRB4/OSCAR/SIGLEC1/SIGLEC10",7
"R-HSA-449836","R-HSA-449836","Other interleukin signaling","3/64","24/10891",0.0003586884338105,0.0126565775930279,0.0114348793936583,"CSF1/PRTN3/SDC1",3
"R-HSA-6785807","R-HSA-6785807","Interleukin-4 and Interleukin-13 signaling","5/64","108/10891",0.00041850542072791,0.0129213548649745,0.0116740985781999,"IL6/MMP3/TIMP1/TNF/TNFRSF1B",5
"R-HSA-388841","R-HSA-388841","Costimulation by the CD28 family","4/64","69/10891",0.00070419465234366,0.0193262310143207,0.0174607329002173,"CD274/CD80/PDCD1/TNFRSF14",4
