"Unnamed: 0","ID","Description","GeneRatio","BgRatio","pvalue","p.adjust","qvalue","geneID","Count"
"R-HSA-2129379","R-HSA-2129379","Molecules associated with elastic fibres","1/2","37/10891",0.00678337030120402,0.0196697401979492,0.00295785566886454,"LTBP2",1
"R-HSA-1566948","R-HSA-1566948","Elastic fibre formation","1/2","44/10891",0.0080641137293419,0.0196697401979492,0.00295785566886454,"LTBP2",1
"R-HSA-2173789","R-HSA-2173789","TGF-beta receptor signaling activates SMADs","1/2","46/10891",0.00842988865626393,0.0196697401979492,0.00295785566886454,"LTBP2",1
"R-HSA-170834","R-HSA-170834","Signaling by TGF-beta Receptor Complex","1/2","93/10891",0.0170061817159921,0.0259925796699279,0.00390865859698164,"LTBP2",1
"R-HSA-194138","R-HSA-194138","Signaling by VEGF","1/2","108/10891",0.0197354552359934,0.0259925796699279,0.00390865859698164,"PGF",1
"R-HSA-9006936","R-HSA-9006936","Signaling by TGFB family members","1/2","122/10891",0.0222793540027953,0.0259925796699279,0.00390865859698164,"LTBP2",1
