"Unnamed: 0","ID","Description","GeneRatio","BgRatio","pvalue","p.adjust","qvalue","geneID","Count"
"R-HSA-1474228","R-HSA-1474228","Degradation of the extracellular matrix","4/22","140/10891",0.000159824759814039,0.0133019903045119,0.00878752172566669,"DCN/COL9A1/MMP3/COL3A1",4
"R-HSA-2022090","R-HSA-2022090","Assembly of collagen fibrils and other multimeric structures","3/22","61/10891",0.000238668734289398,0.0133019903045119,0.00878752172566669,"COL9A1/MMP3/COL3A1",3
"R-HSA-1442490","R-HSA-1442490","Collagen degradation","3/22","64/10891",0.000275213592507143,0.0133019903045119,0.00878752172566669,"COL9A1/MMP3/COL3A1",3
"R-HSA-3000178","R-HSA-3000178","ECM proteoglycans","3/22","76/10891",0.000457136649612452,0.0165712035484514,0.010947219767035,"DCN/COL9A1/COL3A1",3
"R-HSA-881907","R-HSA-881907","Gastrin-CREB signalling pathway via PKC and MAPK","2/22","18/10891",0.000584425869315542,0.0169483502101507,0.0111963692858346,"MMP3/GAST",2
"R-HSA-1474290","R-HSA-1474290","Collagen formation","3/22","90/10891",0.000750070150808964,0.0181266953112166,0.0119748041620378,"COL9A1/MMP3/COL3A1",3
