"Unnamed: 0","ID","Description","GeneRatio","BgRatio","pvalue","p.adjust","qvalue","geneID","Count"
"R-HSA-5669034","R-HSA-5669034","TNFs bind their physiological receptors","4/24","29/10891",4.15202689360452e-07,3.98594581786033e-05,2.84086050615046e-05,"CD27/TNFRSF1A/TNFRSF1B/TNFRSF9",4
"R-HSA-5668541","R-HSA-5668541","TNFR2 non-canonical NF-kB pathway","5/24","102/10891",2.40906561717605e-06,0.00011563514962445,8.24154026928648e-05,"CD27/TNFRSF1A/TNFRSF1B/TNFRSF11A/TNFRSF9",5
"R-HSA-1474228","R-HSA-1474228","Degradation of the extracellular matrix","4/24","140/10891",0.000227579390424783,0.00728254049359306,0.00519040715003892,"ELN/SPP1/COL6A3/HSPG2",4
"R-HSA-216083","R-HSA-216083","Integrin cell surface interactions","3/24","85/10891",0.000824902634572752,0.019797663229746,0.0141101766440076,"SPP1/COL6A3/HSPG2",3
"R-HSA-8957275","R-HSA-8957275","Post-translational protein phosphorylation","3/24","108/10891",0.00164935721211175,0.0316676584725456,0.0225701513236345,"CKAP4/IGFBP4/SPP1",3
"R-HSA-381426","R-HSA-381426","Regulation of Insulin-like Growth Factor (IGF) transport and uptake by Insulin-like Growth Factor Binding Proteins (IGFBPs)","3/24","125/10891",0.00250485344646,0.04007765514336,0.0285641182491053,"CKAP4/IGFBP4/SPP1",3
