"Unnamed: 0","ID","Description","GeneRatio","BgRatio","pvalue","p.adjust","qvalue","geneID","Count"
"R-HSA-449147","R-HSA-449147","Signaling by Interleukins","7/24","473/10891",5.06531617763252e-05,0.00850973117842263,0.00682484706038907,"IL36G/IL17C/CRLF1/IL33/CA1/IL31RA/IL19",7
"R-HSA-1475029","R-HSA-1475029","Reversible hydration of carbon dioxide","2/24","12/10891",0.000303065462803504,0.0254574988754943,0.0204170417046571,"CA1/CA3",2
"R-HSA-6788467","R-HSA-6788467","IL-6-type cytokine receptor ligand interactions","2/24","17/10891",0.000620309113436546,0.0347373103524466,0.0278594970245186,"CRLF1/IL31RA",2
