"Unnamed: 0","ID","Description","GeneRatio","BgRatio","pvalue","p.adjust","qvalue","geneID","Count"
"R-HSA-5669034","R-HSA-5669034","TNFs bind their physiological receptors","4/27","29/10891",6.81980304645179e-07,6.61520895505824e-05,4.52260623080487e-05,"CD27/TNFRSF1A/TNFRSF4/TNFRSF1B",4
"R-HSA-5668541","R-HSA-5668541","TNFR2 non-canonical NF-kB pathway","4/27","102/10891",0.000107843363762124,0.00375193171694269,0.00256507540062279,"CD27/TNFRSF1A/TNFRSF4/TNFRSF1B",4
"R-HSA-449147","R-HSA-449147","Signaling by Interleukins","7/27","473/10891",0.000116039125266269,0.00375193171694269,0.00256507540062279,"CD80/IL4R/TNFRSF1A/IL2RA/IL15/TNFRSF1B/HAVCR2",7
"R-HSA-451927","R-HSA-451927","Interleukin-2 family signaling","3/27","44/10891",0.000168179747475493,0.00397485217688742,0.00271747897063383,"IL2RA/IL15/HAVCR2",3
"R-HSA-6783783","R-HSA-6783783","Interleukin-10 signaling","3/27","47/10891",0.000204889287468424,0.00397485217688742,0.00271747897063383,"CD80/TNFRSF1A/TNFRSF1B",3
"R-HSA-198933","R-HSA-198933","Immunoregulatory interactions between a Lymphoid and a non-Lymphoid cell","4/27","134/10891",0.000308688932338384,0.00499047107280388,0.00341182504163477,"CD200/NECTIN2/HLA-E/NPDC1",4
"R-HSA-6798695","R-HSA-6798695","Neutrophil degranulation","6/27","482/10891",0.000973939151686965,0.0134960139590908,0.0092267919633502,"RNASET2/SIRPB1/CKAP4/GSN/CLEC4D/TNFRSF1B",6
