"Unnamed: 0","ID","Description","GeneRatio","BgRatio","pvalue","p.adjust","qvalue","geneID","Count"
"R-HSA-5669034","R-HSA-5669034","TNFs bind their physiological receptors","2/4","29/10891",4.0942535761887e-05,0.00057319550066641,0.00025858443639086,"CD27/TNFRSF9",2
"R-HSA-5668541","R-HSA-5668541","TNFR2 non-canonical NF-kB pathway","2/4","102/10891",0.00051480748349157,0.00360365238444104,0.00162570784260498,"CD27/TNFRSF9",2
"R-HSA-8877330","R-HSA-8877330","RUNX1 and FOXP3 control the development of regulatory T lymphocytes (Tregs)","1/4","10/10891",0.0036682065472764,0.0154022229690397,0.00694837126422844,"IL2RA",1
"R-HSA-9020558","R-HSA-9020558","Interleukin-2 signaling","1/4","12/10891",0.00440063513401134,0.0154022229690397,0.00694837126422844,"IL2RA",1
"R-HSA-912526","R-HSA-912526","Interleukin receptor SHC signaling","1/4","27/10891",0.00988098565913331,0.0276667598455733,0.0124812450431158,"IL2RA",1
"R-HSA-451927","R-HSA-451927","Interleukin-2 family signaling","1/4","44/10891",0.0160646638257536,0.0350308551583409,0.0158033933045147,"IL2RA",1
"R-HSA-512988","R-HSA-512988","Interleukin-3, Interleukin-5 and GM-CSF signaling","1/4","48/10891",0.0175154275791705,0.0350308551583409,0.0158033933045147,"IL2RA",1
