"Unnamed: 0","ID","Description","GeneRatio","BgRatio","pvalue","p.adjust","qvalue","geneID","Count"
"R-HSA-5669034","R-HSA-5669034","TNFs bind their physiological receptors","2/4","29/10891",4.0942535761887e-05,0.00036848282185698,4.30974060651442e-05,"TNFRSF4/TNFRSF9",2
"R-HSA-5668541","R-HSA-5668541","TNFR2 non-canonical NF-kB pathway","2/4","102/10891",0.00051480748349157,0.0023166336757121,0.00027095130710083,"TNFRSF4/TNFRSF9",2
"R-HSA-9679506","R-HSA-9679506","SARS-CoV Infections","2/4","376/10891",0.00681057676486758,0.0151591981186407,0.00177300562791119,"HAVCR1/PDCD1",2
"R-HSA-9694614","R-HSA-9694614","Attachment and Entry","1/4","19/10891",0.00696095549487152,0.0151591981186407,0.00177300562791119,"HAVCR1",1
"R-HSA-389948","R-HSA-389948","PD-1 signaling","1/4","23/10891",0.00842177673257816,0.0151591981186407,0.00177300562791119,"PDCD1",1
"R-HSA-9772572","R-HSA-9772572","Early SARS-CoV-2 Infection Events","1/4","38/10891",0.0138855064151465,0.0208282596227198,0.00243605375704325,"HAVCR1",1
"R-HSA-388841","R-HSA-388841","Costimulation by the CD28 family","1/4","69/10891",0.025105634389771,0.0322786727868484,0.00377528336688285,"PDCD1",1
"R-HSA-9679191","R-HSA-9679191","Potential therapeutics for SARS","1/4","99/10891",0.0358723919392701,0.0403564409316788,0.00472005157095659,"PDCD1",1
