"Unnamed: 0","ID","Description","GeneRatio","BgRatio","pvalue","p.adjust","qvalue","geneID","Count"
"R-HSA-8957275","R-HSA-8957275","Post-translational protein phosphorylation","4/9","108/10891",1.10915248789925e-06,2.2921933959345e-05,8.39247009953135e-06,"CKAP4/IGFBP4/SHISA5/SPP1",4
"R-HSA-381426","R-HSA-381426","Regulation of Insulin-like Growth Factor (IGF) transport and uptake by Insulin-like Growth Factor Binding Proteins (IGFBPs)","4/9","125/10891",1.9932116486387e-06,2.2921933959345e-05,8.39247009953135e-06,"CKAP4/IGFBP4/SHISA5/SPP1",4
"R-HSA-1474228","R-HSA-1474228","Degradation of the extracellular matrix","3/9","140/10891",0.00016502327370507,0.00126517843173887,0.00046322322443528,"COL6A3/MMP12/SPP1",3
"R-HSA-5669034","R-HSA-5669034","TNFs bind their physiological receptors","2/9","29/10891",0.00024363263767863,0.00140088766665216,0.00051291081616555,"EDA2R/TNFRSF6B",2
"R-HSA-186797","R-HSA-186797","Signaling by PDGF","2/9","58/10891",0.00097967088228414,0.00450648605850707,0.00164997201226804,"COL6A3/SPP1",2
"R-HSA-1442490","R-HSA-1442490","Collagen degradation","2/9","64/10891",0.00119173560279917,0.00456831981073017,0.00167261137234972,"COL6A3/MMP12",2
"R-HSA-1474244","R-HSA-1474244","Extracellular matrix organization","3/9","300/10891",0.00153646502912529,0.0050483850956974,0.00184837898240637,"COL6A3/MMP12/SPP1",3
"R-HSA-216083","R-HSA-216083","Integrin cell surface interactions","2/9","85/10891",0.00209143310301829,0.0060128701711776,0.00220150852949294,"COL6A3/SPP1",2
"R-HSA-5668541","R-HSA-5668541","TNFR2 non-canonical NF-kB pathway","2/9","102/10891",0.00299569973305144,0.0076556770955759,0.00280299390227035,"EDA2R/TNFRSF6B",2
