"Unnamed: 0","ID","Description","GeneRatio","BgRatio","pvalue","p.adjust","qvalue","geneID","Count"
"R-HSA-6783783","R-HSA-6783783","Interleukin-10 signaling","6/32","47/10891",3.86482758404191e-09,3.71023448068023e-07,2.80708529788307e-07,"CSF1/ICAM1/IL10RB/IL6/TIMP1/TNF",6
"R-HSA-5669034","R-HSA-5669034","TNFs bind their physiological receptors","5/32","29/10891",1.783736235558e-08,8.56193393067838e-07,6.47777896071062e-07,"EDA2R/TNFRSF4/TNFRSF6B/TNFRSF8/TNFRSF9",5
"R-HSA-5668541","R-HSA-5668541","TNFR2 non-canonical NF-kB pathway","6/32","102/10891",4.32881526611312e-07,1.3852208851562e-05,1.04802895916423e-05,"EDA2R/TNF/TNFRSF4/TNFRSF6B/TNFRSF8/TNFRSF9",6
"R-HSA-449147","R-HSA-449147","Signaling by Interleukins","10/32","473/10891",5.91440117923139e-07,1.41945628301553e-05,1.07393074043938e-05,"CSF1/ICAM1/IL10RB/IL19/IL22/IL2RA/IL32/IL6/TIMP1/TNF",10
"R-HSA-449836","R-HSA-449836","Other interleukin signaling","3/32","24/10891",4.47233220634862e-05,0.00081152902959035,0.00061398577896638,"CSF1/IL10RB/IL32",3
"R-HSA-8854691","R-HSA-8854691","Interleukin-20 family signaling","3/32","25/10891",5.07205643493971e-05,0.00081152902959035,0.00061398577896638,"IL10RB/IL19/IL22",3
"R-HSA-1474244","R-HSA-1474244","Extracellular matrix organization","6/32","300/10891",0.00020570796694963,0.00282113783245213,0.00213441349165786,"EFEMP1/ICAM1/ICAM3/LTBP2/MMP12/TIMP1",6
"R-HSA-6785807","R-HSA-6785807","Interleukin-4 and Interleukin-13 signaling","4/32","108/10891",0.00026553364857471,0.00318640378289656,0.00241076601995464,"ICAM1/IL6/TIMP1/TNF",4
"R-HSA-8957275","R-HSA-8957275","Post-translational protein phosphorylation","3/32","108/10891",0.00381617467464729,0.0407058631962378,0.0307971991287325,"CSF1/IL6/TIMP1",3
