"Unnamed: 0","ID","Description","GeneRatio","BgRatio","pvalue","p.adjust","qvalue","geneID","Count"
"R-HSA-6798695","R-HSA-6798695","Neutrophil degranulation","6/20","482/10891",0.000166025143898811,0.0134480366558037,0.00978674532456151,"LAIR1/LAMP2/PRSS2/PLAUR/PIGR/BST2",6
"R-HSA-8963889","R-HSA-8963889","Assembly of active LPL and LIPC lipase complexes","2/20","19/10891",0.000537709628400372,0.0217772399502151,0.015848283784432,"FGF21/LPL",2
"R-HSA-8963899","R-HSA-8963899","Plasma lipoprotein remodeling","2/20","33/10891",0.001634904775682,0.0441424289434139,0.032124444715155,"FGF21/LPL",2
