"Unnamed: 0","ID","Description","GeneRatio","BgRatio","pvalue","p.adjust","qvalue","geneID","Count"
"R-HSA-5668541","R-HSA-5668541","TNFR2 non-canonical NF-kB pathway","3/24","102/10891",0.00139921681790751,0.0413021989356862,0.0306889403856492,"TNFRSF12A/TNFRSF6B/TNFRSF1A",3
"R-HSA-8957275","R-HSA-8957275","Post-translational protein phosphorylation","3/24","108/10891",0.00164935721211175,0.0413021989356862,0.0306889403856492,"IGFBP4/SHISA5/FSTL3",3
"R-HSA-5669034","R-HSA-5669034","TNFs bind their physiological receptors","2/24","29/10891",0.00182215583539792,0.0413021989356862,0.0306889403856492,"TNFRSF6B/TNFRSF1A",2
"R-HSA-381426","R-HSA-381426","Regulation of Insulin-like Growth Factor (IGF) transport and uptake by Insulin-like Growth Factor Binding Proteins (IGFBPs)","3/24","125/10891",0.00250485344646,0.0425825085898201,0.0316402540605474,"IGFBP4/SHISA5/FSTL3",3
"R-HSA-8853659","R-HSA-8853659","RET signaling","2/24","40/10891",0.00344934017901281,0.0430364165025993,0.0319775230979066,"GFRA1/PSPN",2
"R-HSA-419037","R-HSA-419037","NCAM1 interactions","2/24","42/10891",0.00379733086787641,0.0430364165025993,0.0319775230979066,"GFRA1/PSPN",2
"R-HSA-6783783","R-HSA-6783783","Interleukin-10 signaling","2/24","47/10891",0.00473572746225354,0.0460042096333201,0.0341826944643865,"IL10RB/TNFRSF1A",2
