"Unnamed: 0","ID","Description","GeneRatio","BgRatio","pvalue","p.adjust","qvalue","geneID","Count"
"R-HSA-1475029","R-HSA-1475029","Reversible hydration of carbon dioxide","2/20","12/10891",0.000209143655448279,0.0175680670576554,0.0151904339220329,"CA12/CA2",2
"R-HSA-9694614","R-HSA-9694614","Attachment and Entry","2/20","19/10891",0.000537709628400372,0.0225838043928156,0.0195273496629609,"HAVCR1/CTSL",2
"R-HSA-3299685","R-HSA-3299685","Detoxification of Reactive Oxygen Species","2/20","37/10891",0.00205315462832194,0.0454615623402114,0.039308869692664,"SOD1/CCS",2
"R-HSA-9772572","R-HSA-9772572","Early SARS-CoV-2 Infection Events","2/20","38/10891",0.00216483630191483,0.0454615623402114,0.039308869692664,"HAVCR1/CTSL",2
