"Unnamed: 0","ID","Description","GeneRatio","BgRatio","pvalue","p.adjust","qvalue","geneID","Count"
"R-HSA-5669034","R-HSA-5669034","TNFs bind their physiological receptors","4/27","29/10891",6.81980304645179e-07,5.66043652855499e-05,4.02009442738211e-05,"EDA2R/TNFRSF4/TNFRSF6B/TNFRSF8",4
"R-HSA-5668541","R-HSA-5668541","TNFR2 non-canonical NF-kB pathway","5/27","102/10891",4.4747654760684e-06,0.00013744563551882,9.76151628288403e-05,"EDA2R/TNF/TNFRSF4/TNFRSF6B/TNFRSF8",5
"R-HSA-6783783","R-HSA-6783783","Interleukin-10 signaling","4/27","47/10891",4.96791453682491e-06,0.00013744563551882,9.76151628288403e-05,"CSF1/IL10RB/IL6/TNF",4
"R-HSA-449147","R-HSA-449147","Signaling by Interleukins","8/27","473/10891",1.27569796844199e-05,0.00026470732845171,0.00018799759534934,"CSF1/IL10RB/IL19/IL22/IL2RA/IL32/IL6/TNF",8
"R-HSA-449836","R-HSA-449836","Other interleukin signaling","3/27","24/10891",2.65656050116222e-05,0.00041691342641844,0.0002960957752623,"CSF1/IL10RB/IL32",3
"R-HSA-8854691","R-HSA-8854691","Interleukin-20 family signaling","3/27","25/10891",3.01383199820562e-05,0.00041691342641844,0.0002960957752623,"IL10RB/IL19/IL22",3
"R-HSA-2129379","R-HSA-2129379","Molecules associated with elastic fibres","2/27","37/10891",0.00373664180567067,0.0443058956958094,0.0314664573109109,"EFEMP1/LTBP2",2
