"Unnamed: 0","ID","Description","GeneRatio","BgRatio","pvalue","p.adjust","qvalue","geneID","Count"
"R-HSA-166786","R-HSA-166786","Creation of C4 and C2 activators","1/2","14/10891",0.00256939559449554,0.0172255016505065,0.00362642140010663,"C1QA",1
"R-HSA-166663","R-HSA-166663","Initial triggering of complement","1/2","23/10891",0.00421940458668013,0.0172255016505065,0.00362642140010663,"C1QA",1
"R-HSA-5669034","R-HSA-5669034","TNFs bind their physiological receptors","1/2","29/10891",0.0053186517473125,0.0172255016505065,0.00362642140010663,"TNFRSF1B",1
"R-HSA-6783783","R-HSA-6783783","Interleukin-10 signaling","1/2","47/10891",0.00861275082525326,0.0172255016505065,0.00362642140010663,"TNFRSF1B",1
"R-HSA-977606","R-HSA-977606","Regulation of Complement cascade","1/2","47/10891",0.00861275082525326,0.0172255016505065,0.00362642140010663,"C1QA",1
"R-HSA-166658","R-HSA-166658","Complement cascade","1/2","58/10891",0.0106231217273696,0.0177052028789493,0.00372741113241037,"C1QA",1
"R-HSA-5668541","R-HSA-5668541","TNFR2 non-canonical NF-kB pathway","1/2","102/10891",0.0186442011284876,0.0246693190449918,0.00519354085157721,"TNFRSF1B",1
"R-HSA-6785807","R-HSA-6785807","Interleukin-4 and Interleukin-13 signaling","1/2","108/10891",0.0197354552359934,0.0246693190449918,0.00519354085157721,"TNFRSF1B",1
