"Unnamed: 0","ID","Description","GeneRatio","BgRatio","pvalue","p.adjust","qvalue","geneID","Count"
"R-HSA-5669034","R-HSA-5669034","TNFs bind their physiological receptors","1/1","29/10891",0.002662749058856,0.0129464695620236,NA,"TNFRSF1B",1
"R-HSA-6783783","R-HSA-6783783","Interleukin-10 signaling","1/1","47/10891",0.00431548985400787,0.0129464695620236,NA,"TNFRSF1B",1
"R-HSA-5668541","R-HSA-5668541","TNFR2 non-canonical NF-kB pathway","1/1","102/10891",0.00936553117252792,0.0148746671563677,NA,"TNFRSF1B",1
"R-HSA-6785807","R-HSA-6785807","Interleukin-4 and Interleukin-13 signaling","1/1","108/10891",0.0099164447709118,0.0148746671563677,NA,"TNFRSF1B",1
"R-HSA-449147","R-HSA-449147","Signaling by Interleukins","1/1","473/10891",0.043430355339271,0.044256725736847,NA,"TNFRSF1B",1
"R-HSA-6798695","R-HSA-6798695","Neutrophil degranulation","1/1","482/10891",0.044256725736847,0.044256725736847,NA,"TNFRSF1B",1
