"Unnamed: 0","ID","Description","GeneRatio","BgRatio","pvalue","p.adjust","qvalue","geneID","Count"
"R-HSA-6798695","R-HSA-6798695","Neutrophil degranulation","9/34","482/10891",1.17749993844632e-05,0.00177802490705394,0.00152455255188313,"ANPEP/BST2/CEACAM1/HMOX2/MME/NPC2/PIGR/PLAUR/RNASET2",9
"R-HSA-5669034","R-HSA-5669034","TNFs bind their physiological receptors","3/34","29/10891",9.60972983473181e-05,0.00725534602522252,0.0062210356298527,"CD27/TNFRSF1A/TNFRSF4",3
"R-HSA-6783783","R-HSA-6783783","Interleukin-10 signaling","3/34","47/10891",0.00041038349615772,0.0203875297648024,0.0174811164940446,"CD80/CSF1/TNFRSF1A",3
"R-HSA-449147","R-HSA-449147","Signaling by Interleukins","7/34","473/10891",0.00054006701363715,0.0203875297648024,0.0174811164940446,"CD80/CSF1/HAVCR2/IL18R1/IL4R/LGALS9/TNFRSF1A",7
"R-HSA-1502540","R-HSA-1502540","Signaling by Activin","2/34","15/10891",0.00096833660324646,0.0292437654180433,0.0250748215156454,"FSTL3/INHBB",2
"R-HSA-2022377","R-HSA-2022377","Metabolism of Angiotensinogen to Angiotensins","2/34","18/10891",0.00140274837935889,0.0353025008805322,0.0302698334493235,"ANPEP/MME",2
