"Unnamed: 0","ID","Description","GeneRatio","BgRatio","pvalue","p.adjust","qvalue","geneID","Count"
"R-HSA-6798695","R-HSA-6798695","Neutrophil degranulation","6/22","482/10891",0.00029634749157527,0.0346726565143066,0.0230839098700736,"PIGR/ITGB2/ARG1/ITGAM/IGF2R/GSN",6
"R-HSA-375276","R-HSA-375276","Peptide ligand-binding receptors","4/22","201/10891",0.00063455737274349,0.0371216063054941,0.0247143397805359,"INSL5/GPR37/GHRL/CCL2",4
"R-HSA-6785807","R-HSA-6785807","Interleukin-4 and Interleukin-13 signaling","3/22","108/10891",0.00127314556537007,0.0478938247748639,0.0318861271555549,"ITGB2/ITGAM/CCL2",3
"R-HSA-499943","R-HSA-499943","Interconversion of nucleotide di- and triphosphates","2/22","30/10891",0.00163739571879877,0.0478938247748639,0.0318861271555549,"TXN/AK1",2
"R-HSA-198933","R-HSA-198933","Immunoregulatory interactions between a Lymphoid and a non-Lymphoid cell","3/22","134/10891",0.00236339363726853,0.049082997581957,0.0326778391458823,"SLAMF6/ITGB2/CXADR",3
"R-HSA-202733","R-HSA-202733","Cell surface interactions at the vascular wall","3/22","137/10891",0.00251707679907472,0.049082997581957,0.0326778391458823,"ITGB2/ITGAM/CXADR",3
