"Unnamed: 0","ID","Description","GeneRatio","BgRatio","pvalue","p.adjust","qvalue","geneID","Count"
"R-HSA-5669034","R-HSA-5669034","TNFs bind their physiological receptors","3/15","29/10891",7.55975834360115e-06,0.00038554767552365,0.0002705597722973,"EDA2R/TNFRSF1A/TNFRSF1B",3
"R-HSA-6783783","R-HSA-6783783","Interleukin-10 signaling","3/15","47/10891",3.30512488199183e-05,0.00084280684490791,0.00059144339993538,"IL10RB/TNFRSF1A/TNFRSF1B",3
"R-HSA-5668541","R-HSA-5668541","TNFR2 non-canonical NF-kB pathway","3/15","102/10891",0.00033439831581813,0.0056847713689083,0.00398931324133916,"EDA2R/TNFRSF1A/TNFRSF1B",3
"R-HSA-449147","R-HSA-449147","Signaling by Interleukins","4/15","473/10891",0.00327125097053286,0.041708449874294,0.0292690876310835,"HAVCR2/IL10RB/TNFRSF1A/TNFRSF1B",4
