"Unnamed: 0","ID","Description","GeneRatio","BgRatio","pvalue","p.adjust","qvalue","geneID","Count"
"R-HSA-1474244","R-HSA-1474244","Extracellular matrix organization","4/18","300/10891",0.00127207376577816,0.0299444006891668,0.0180854879054501,"TPSAB1/CEACAM1/CTSV/COL15A1",4
"R-HSA-1592389","R-HSA-1592389","Activation of Matrix Metalloproteinases","2/18","33/10891",0.00132152612319078,0.0299444006891668,0.0180854879054501,"TPSAB1/CTSV",2
"R-HSA-1474228","R-HSA-1474228","Degradation of the extracellular matrix","3/18","140/10891",0.00147267544372951,0.0299444006891668,0.0180854879054501,"TPSAB1/CTSV/COL15A1",3
"R-HSA-6783783","R-HSA-6783783","Interleukin-10 signaling","2/18","47/10891",0.00266882970024233,0.0382531316349861,0.0231037033170753,"IL12B/IL10RB",2
"R-HSA-3928665","R-HSA-3928665","EPH-ephrin mediated repulsion of cells","2/18","51/10891",0.00313550259303165,0.0382531316349861,0.0231037033170753,"EPHA1/EPHB6",2
"R-HSA-2022090","R-HSA-2022090","Assembly of collagen fibrils and other multimeric structures","2/18","61/10891",0.00445660641026698,0.0453088318377143,0.0273651270805867,"CTSV/COL15A1",2
