"Unnamed: 0","ID","Description","GeneRatio","BgRatio","pvalue","p.adjust","qvalue","geneID","Count"
"R-HSA-881907","R-HSA-881907","Gastrin-CREB signalling pathway via PKC and MAPK","1/4","18/10891",0.00659549812271032,0.0482671142460487,0.0254037443400256,"GAST",1
"R-HSA-5683826","R-HSA-5683826","Surfactant metabolism","1/4","29/10891",0.0106099858766138,0.0482671142460487,0.0254037443400256,"PGA4",1
"R-HSA-420092","R-HSA-420092","Glucagon-type ligand receptors","1/4","33/10891",0.0120667785615122,0.0482671142460487,0.0254037443400256,"SCT",1
