"Unnamed: 0","ID","Description","GeneRatio","BgRatio","pvalue","p.adjust","qvalue","geneID","Count"
"R-HSA-2173791","R-HSA-2173791","TGF-beta receptor signaling in EMT (epithelial to mesenchymal transition)","2/23","16/10891",0.00050282698482987,0.0334613414566987,0.0237751636666017,"TGFBR1/TGFBR2",2
"R-HSA-5668541","R-HSA-5668541","TNFR2 non-canonical NF-kB pathway","3/23","102/10891",0.00123265472418129,0.0334613414566987,0.0237751636666017,"TNFRSF14/LTBR/TNFSF13",3
"R-HSA-2173788","R-HSA-2173788","Downregulation of TGF-beta receptor signaling","2/23","26/10891",0.00134444478932656,0.0334613414566987,0.0237751636666017,"TGFBR1/TGFBR2",2
"R-HSA-5669034","R-HSA-5669034","TNFs bind their physiological receptors","2/23","29/10891",0.00167306707283493,0.0334613414566987,0.0237751636666017,"TNFRSF14/TNFSF13",2
