"Unnamed: 0","ID","Description","GeneRatio","BgRatio","pvalue","p.adjust","qvalue","geneID","Count"
"R-HSA-75205","R-HSA-75205","Dissolution of Fibrin Clot","1/3","13/10891",0.0035769937805975,0.016506169050603,0.00217186434876355,"PLAUR",1
"R-HSA-1170546","R-HSA-1170546","Prolactin receptor signaling","1/3","15/10891",0.00412654226265075,0.016506169050603,0.00217186434876355,"PRL",1
"R-HSA-982772","R-HSA-982772","Growth hormone receptor signaling","1/3","24/10891",0.00659701003536206,0.0175920267609655,0.00231474036328493,"PRL",1
"R-HSA-163125","R-HSA-163125","Post-translational modification: synthesis of GPI-anchored proteins","1/3","92/10891",0.025130843635871,0.0389045849272732,0.00511902433253595,"PLAUR",1
"R-HSA-8957275","R-HSA-8957275","Post-translational protein phosphorylation","1/3","108/10891",0.0294579798787077,0.0389045849272732,0.00511902433253595,"IGFBP4",1
"R-HSA-977225","R-HSA-977225","Amyloid fiber formation","1/3","111/10891",0.0302678897331732,0.0389045849272732,0.00511902433253595,"PRL",1
"R-HSA-381426","R-HSA-381426","Regulation of Insulin-like Growth Factor (IGF) transport and uptake by Insulin-like Growth Factor Binding Proteins (IGFBPs)","1/3","125/10891",0.0340415118113641,0.0389045849272732,0.00511902433253595,"IGFBP4",1
