"Unnamed: 0","ID","Description","GeneRatio","BgRatio","pvalue","p.adjust","qvalue","geneID","Count"
"R-HSA-449147","R-HSA-449147","Signaling by Interleukins","5/14","473/10891",0.00021857517072915,0.0113659088779162,0.00713245293958303,"CSF1/HAVCR2/IL18R1/LGALS9/TNFRSF1A",5
"R-HSA-451927","R-HSA-451927","Interleukin-2 family signaling","2/14","44/10891",0.00140756179759063,0.0278181044693047,0.0174567052337742,"HAVCR2/LGALS9",2
"R-HSA-6783783","R-HSA-6783783","Interleukin-10 signaling","2/14","47/10891",0.00160489064245988,0.0278181044693047,0.0174567052337742,"CSF1/TNFRSF1A",2
"R-HSA-6798695","R-HSA-6798695","Neutrophil degranulation","4/14","482/10891",0.00266031201785439,0.0345840562321071,0.0217025454088121,"LGALS3/PIGR/PLAUR/RNASET2",4
