"Unnamed: 0","ID","Description","GeneRatio","BgRatio","pvalue","p.adjust","qvalue","geneID","Count"
"R-HSA-6783783","R-HSA-6783783","Interleukin-10 signaling","4/12","47/10891",1.46926817048855e-07,7.49326766949161e-06,3.86649518549619e-06,"CSF1/IL6/TIMP1/TNFRSF1A",4
"R-HSA-5669034","R-HSA-5669034","TNFs bind their physiological receptors","3/12","29/10891",3.67496846493334e-06,9.37116958558003e-05,4.83548482228072e-05,"TNFRSF14/TNFRSF1A/TNFSF13B",3
"R-HSA-449147","R-HSA-449147","Signaling by Interleukins","5/12","473/10891",9.29621878711821e-05,0.0015803571938101,0.0008154577883437,"CSF1/IL15/IL6/TIMP1/TNFRSF1A",5
"R-HSA-5668541","R-HSA-5668541","TNFR2 non-canonical NF-kB pathway","3/12","102/10891",0.00016502737421081,0.00199400794667191,0.00102889986928375,"TNFRSF14/TNFRSF1A/TNFSF13B",3
"R-HSA-8957275","R-HSA-8957275","Post-translational protein phosphorylation","3/12","108/10891",0.00019549097516391,0.00199400794667191,0.00102889986928375,"CSF1/IL6/TIMP1",3
"R-HSA-381426","R-HSA-381426","Regulation of Insulin-like Growth Factor (IGF) transport and uptake by Insulin-like Growth Factor Binding Proteins (IGFBPs)","3/12","125/10891",0.00030106154743157,0.0025590231531684,0.00132044538347182,"CSF1/IL6/TIMP1",3
"R-HSA-388841","R-HSA-388841","Costimulation by the CD28 family","2/12","69/10891",0.00250605699331169,0.0182584152369852,0.00942126689214922,"CD274/TNFRSF14",2
"R-HSA-6785807","R-HSA-6785807","Interleukin-4 and Interleukin-13 signaling","2/12","108/10891",0.00602664148801518,0.0384198394860968,0.0198244785789973,"IL6/TIMP1",2
