"Unnamed: 0","ID","Description","GeneRatio","BgRatio","pvalue","p.adjust","qvalue","geneID","Count"
"R-HSA-110056","R-HSA-110056","MAPK3 (ERK1) activation","2/23","10/10891",0.000190019853752633,0.0147287049220218,0.0114753274983013,"IL6ST/IL6",2
"R-HSA-1059683","R-HSA-1059683","Interleukin-6 signaling","2/23","11/10891",0.000231948109008218,0.0147287049220218,0.0114753274983013,"IL6ST/IL6",2
"R-HSA-2022377","R-HSA-2022377","Metabolism of Angiotensinogen to Angiotensins","2/23","18/10891",0.000639459139948921,0.0226622645817852,0.0176564680537738,"ACE2/MME",2
"R-HSA-5423646","R-HSA-5423646","Aflatoxin activation and detoxification","2/23","19/10891",0.000713772112812134,0.0226622645817852,0.0176564680537738,"GGT1/ACY1",2
"R-HSA-112409","R-HSA-112409","RAF-independent MAPK1/3 activation","2/23","23/10891",0.00105063750139066,0.0242290445652981,0.0188771669219894,"IL6ST/IL6",2
"R-HSA-6783589","R-HSA-6783589","Interleukin-6 family signaling","2/23","24/10891",0.00114467927080149,0.0242290445652981,0.0188771669219894,"IL6ST/IL6",2
"R-HSA-9753281","R-HSA-9753281","Paracetamol ADME","2/23","29/10891",0.00167306707283493,0.0303542168928624,0.0236493691498472,"GGT1/ACY1",2
"R-HSA-5579029","R-HSA-5579029","Metabolic disorders of biological oxidation enzymes","2/23","34/10891",0.00229701631532226,0.0364651340057409,0.0284104649526701,"GGT1/ACY1",2
"R-HSA-5684996","R-HSA-5684996","MAPK1/MAPK3 signaling","4/23","286/10891",0.00277965757919896,0.0392240569509186,0.0305599780637078,"FNTA/IL6ST/TGFA/IL6",4
