"Unnamed: 0","ID","Description","GeneRatio","BgRatio","pvalue","p.adjust","qvalue","geneID","Count"
"R-HSA-391160","R-HSA-391160","Signal regulatory protein family interactions","2/18","16/10891",0.00030538677658321,0.0109908777683313,0.00578467250964806,"SFTPA2/SFTPD",2
"R-HSA-388844","R-HSA-388844","Receptor-type tyrosine-protein phosphatases","2/18","20/10891",0.00048163880439328,0.0109908777683313,0.00578467250964806,"NTRK3/SLITRK2",2
"R-HSA-5686938","R-HSA-5686938","Regulation of TLR by endogenous ligand","2/18","21/10891",0.00053181666620958,0.0109908777683313,0.00578467250964806,"SFTPA2/SFTPD",2
"R-HSA-5683826","R-HSA-5683826","Surfactant metabolism","2/18","29/10891",0.00102015875531804,0.0122551705224454,0.00645008974865549,"SFTPA2/SFTPD",2
"R-HSA-1474244","R-HSA-1474244","Extracellular matrix organization","4/18","300/10891",0.00127207376577816,0.0122551705224454,0.00645008974865549,"CEACAM6/ICAM1/MMP12/TNR",4
"R-HSA-198933","R-HSA-198933","Immunoregulatory interactions between a Lymphoid and a non-Lymphoid cell","3/18","134/10891",0.00129810605669539,0.0122551705224454,0.00645008974865549,"ICAM1/SFTPD/TREM2",3
"R-HSA-202733","R-HSA-202733","Cell surface interactions at the vascular wall","3/18","137/10891",0.00138364828479223,0.0122551705224454,0.00645008974865549,"CEACAM5/CEACAM6/TNFRSF10B",3
