"Unnamed: 0","ID","Description","GeneRatio","BgRatio","pvalue","p.adjust","qvalue","geneID","Count"
"R-HSA-442982","R-HSA-442982","Ras activation upon Ca2+ influx through NMDA receptor","1/2","21/10891",0.00385285396261925,0.0159559552419375,0.00559858078664473,"NEFL",1
"R-HSA-438066","R-HSA-438066","Unblocking of NMDA receptors, glutamate binding and activation","1/2","22/10891",0.00403613770614031,0.0159559552419375,0.00559858078664473,"NEFL",1
"R-HSA-9617324","R-HSA-9617324","Negative regulation of NMDA receptor-mediated neuronal transmission","1/2","22/10891",0.00403613770614031,0.0159559552419375,0.00559858078664473,"NEFL",1
"R-HSA-9620244","R-HSA-9620244","Long-term potentiation","1/2","24/10891",0.0044026546042385,0.0159559552419375,0.00559858078664473,"NEFL",1
"R-HSA-442742","R-HSA-442742","CREB1 phosphorylation through NMDA receptor-mediated activation of RAS signaling","1/2","29/10891",0.0053186517473125,0.0159559552419375,0.00559858078664473,"NEFL",1
"R-HSA-9609736","R-HSA-9609736","Assembly and cell surface presentation of NMDA receptors","1/2","41/10891",0.00751532486659912,0.0187883121664978,0.00659239023385887,"NEFL",1
"R-HSA-438064","R-HSA-438064","Post NMDA receptor activation events","1/2","80/10891",0.0146377422693978,0.0313665905772811,0.0110058212551864,"NEFL",1
"R-HSA-442755","R-HSA-442755","Activation of NMDA receptors and postsynaptic events","1/2","93/10891",0.0170061817159921,0.0318865907174852,0.0111882774447316,"NEFL",1
