"Unnamed: 0","ID","Description","GeneRatio","BgRatio","pvalue","p.adjust","qvalue","geneID","Count"
"R-HSA-6783783","R-HSA-6783783","Interleukin-10 signaling","4/25","47/10891",3.60357034848391e-06,0.000356753464499908,0.000303458555661803,"CSF1/CCL20/IL6/TNFRSF1A",4
"R-HSA-449147","R-HSA-449147","Signaling by Interleukins","6/25","473/10891",0.0005684757516167,0.0281395497050267,0.0239358211207032,"CSF1/CCL20/IL6/TNFRSF1A/HAVCR2/IL1RAP",6
"R-HSA-8957275","R-HSA-8957275","Post-translational protein phosphorylation","3/25","108/10891",0.0018608335837922,0.0447149964580131,0.0380350847064439,"CSF1/IL6/BPIFB2",3
"R-HSA-5669034","R-HSA-5669034","TNFs bind their physiological receptors","2/25","29/10891",0.00197734018877886,0.0447149964580131,0.0380350847064439,"CD27/TNFRSF1A",2
"R-HSA-2122948","R-HSA-2122948","Activated NOTCH1 Transmits Signal to the Nucleus","2/25","31/10891",0.00225833315444511,0.0447149964580131,0.0380350847064439,"DNER/DLL1",2
"R-HSA-381426","R-HSA-381426","Regulation of Insulin-like Growth Factor (IGF) transport and uptake by Insulin-like Growth Factor Binding Proteins (IGFBPs)","3/25","125/10891",0.0028227570838945,0.0465754918842593,0.0396176432827299,"CSF1/IL6/BPIFB2",3
