"Unnamed: 0","ID","Description","GeneRatio","BgRatio","pvalue","p.adjust","qvalue","geneID","Count"
"R-HSA-5673001","R-HSA-5673001","RAF/MAP kinase cascade","5/21","280/10891",0.000157243370828177,0.0189294008486195,0.0147157582647404,"FN1/IL3/CSF2RB/RET/GFRA3",5
"R-HSA-5684996","R-HSA-5684996","MAPK1/MAPK3 signaling","5/21","286/10891",0.000173664227968986,0.0189294008486195,0.0147157582647404,"FN1/IL3/CSF2RB/RET/GFRA3",5
"R-HSA-5683057","R-HSA-5683057","MAPK family signaling cascades","5/21","325/10891",0.000314860342353687,0.022879851544368,0.0177868474101557,"FN1/IL3/CSF2RB/RET/GFRA3",5
