"Unnamed: 0","ID","Description","GeneRatio","BgRatio","pvalue","p.adjust","qvalue","geneID","Count"
"R-HSA-5669034","R-HSA-5669034","TNFs bind their physiological receptors","5/23","29/10891",3.03030845456886e-09,3.30303621548006e-07,2.29665482872588e-07,"LTA/TNFRSF9/TNFRSF13B/TNFRSF8/TNFRSF1B",5
"R-HSA-5668541","R-HSA-5668541","TNFR2 non-canonical NF-kB pathway","5/23","102/10891",1.92140868100312e-06,9.22320990089509e-05,6.41304792722787e-05,"LTA/TNFRSF9/TNFRSF13B/TNFRSF8/TNFRSF1B",5
"R-HSA-6783783","R-HSA-6783783","Interleukin-10 signaling","4/23","47/10891",2.53849813786103e-06,9.22320990089509e-05,6.41304792722787e-05,"CCL22/FCER2/TNFRSF1B/IL1RN",4
"R-HSA-449147","R-HSA-449147","Signaling by Interleukins","7/23","473/10891",3.72625593709231e-05,0.00101540474285765,0.000706027440712227,"CCL22/FCER2/VIM/HAVCR2/CD4/TNFRSF1B/IL1RN",7
"R-HSA-6785807","R-HSA-6785807","Interleukin-4 and Interleukin-13 signaling","4/23","108/10891",7.00324582833629e-05,0.00152670759057731,0.0010615446308215,"CCL22/FCER2/VIM/TNFRSF1B",4
"R-HSA-389948","R-HSA-389948","PD-1 signaling","2/23","23/10891",0.00105063750139066,0.0178242915024803,0.0123935199244672,"PDCD1/CD4",2
"R-HSA-163560","R-HSA-163560","Triglyceride catabolism","2/23","24/10891",0.00114467927080149,0.0178242915024803,0.0123935199244672,"FABP1/FABP4",2
"R-HSA-198933","R-HSA-198933","Immunoregulatory interactions between a Lymphoid and a non-Lymphoid cell","3/23","134/10891",0.00269363193666112,0.0328994328656114,0.0228755110219606,"CD300E/SIGLEC5/SIGLEC1",3
"R-HSA-8979227","R-HSA-8979227","Triglyceride metabolism","2/23","37/10891",0.00271646693385782,0.0328994328656114,0.0228755110219606,"FABP1/FABP4",2
