"Unnamed: 0","ID","Description","GeneRatio","BgRatio","pvalue","p.adjust","qvalue","geneID","Count"
"R-HSA-381426","R-HSA-381426","Regulation of Insulin-like Growth Factor (IGF) transport and uptake by Insulin-like Growth Factor Binding Proteins (IGFBPs)","5/23","125/10891",5.24068985629146e-06,0.00053979105519802,0.0003916726103123,"CKAP4/CSF1/FSTL3/IGFBP2/IGFBP4",5
"R-HSA-8957275","R-HSA-8957275","Post-translational protein phosphorylation","4/23","108/10891",7.00324582833629e-05,0.00360667160159319,0.00261700238848356,"CKAP4/CSF1/FSTL3/IGFBP4",4
"R-HSA-216083","R-HSA-216083","Integrin cell surface interactions","3/23","85/10891",0.00072586427969476,0.0249213402695201,0.0180829346871326,"COL18A1/COL6A3/HSPG2",3
"R-HSA-3000157","R-HSA-3000157","Laminin interactions","2/23","30/10891",0.00179027295038234,0.0460995284723454,0.0334498367045122,"COL18A1/HSPG2",2
"R-HSA-1474228","R-HSA-1474228","Degradation of the extracellular matrix","3/23","140/10891",0.00304963596439692,0.0492347084208811,0.0357247245567967,"COL18A1/COL6A3/HSPG2",3
"R-HSA-9696264","R-HSA-9696264","RND3 GTPase cycle","2/23","42/10891",0.0034893888279215,0.0492347084208811,0.0357247245567967,"CKAP4/EPHA2",2
"R-HSA-9696270","R-HSA-9696270","RND2 GTPase cycle","2/23","43/10891",0.00365491540221532,0.0492347084208811,0.0357247245567967,"CKAP4/EPHA2",2
"R-HSA-8948216","R-HSA-8948216","Collagen chain trimerization","2/23","44/10891",0.00382405502298106,0.0492347084208811,0.0357247245567967,"COL18A1/COL6A3",2
