"Unnamed: 0","ID","Description","GeneRatio","BgRatio","pvalue","p.adjust","qvalue","geneID","Count"
"R-HSA-5669034","R-HSA-5669034","TNFs bind their physiological receptors","1/2","29/10891",0.0053186517473125,0.0185770246320658,NA,"TNFRSF11B",1
"R-HSA-5083635","R-HSA-5083635","Defective B3GALTL causes PpS","1/2","37/10891",0.00678337030120402,0.0185770246320658,NA,"SPON1",1
"R-HSA-5173214","R-HSA-5173214","O-glycosylation of TSR domain-containing proteins","1/2","38/10891",0.00696638423702467,0.0185770246320658,NA,"SPON1",1
"R-HSA-3906995","R-HSA-3906995","Diseases associated with O-glycosylation of proteins","1/2","68/10891",0.01244896102535,0.0248979220507,NA,"SPON1",1
"R-HSA-5668541","R-HSA-5668541","TNFR2 non-canonical NF-kB pathway","1/2","102/10891",0.0186442011284876,0.0270411395193322,NA,"TNFRSF11B",1
"R-HSA-5173105","R-HSA-5173105","O-linked glycosylation","1/2","111/10891",0.0202808546394991,0.0270411395193322,NA,"SPON1",1
"R-HSA-3781865","R-HSA-3781865","Diseases of glycosylation","1/2","143/10891",0.0260890050073779,0.0298160057227176,NA,"SPON1",1
"R-HSA-5668914","R-HSA-5668914","Diseases of metabolism","1/2","249/10891",0.0452051672559014,0.0452051672559014,NA,"SPON1",1
