"Unnamed: 0","ID","Description","GeneRatio","BgRatio","pvalue","p.adjust","qvalue","geneID","Count"
"R-HSA-5669034","R-HSA-5669034","TNFs bind their physiological receptors","4/28","29/10891",7.94182072513166e-07,0.00010086112320917,8.52700751540452e-05,"CD27/EDA2R/TNFRSF1A/TNFRSF1B",4
"R-HSA-5668541","R-HSA-5668541","TNFR2 non-canonical NF-kB pathway","4/28","102/10891",0.00012491605536048,0.00793216951539089,0.00670601981408927,"CD27/EDA2R/TNFRSF1A/TNFRSF1B",4
"R-HSA-6783783","R-HSA-6783783","Interleukin-10 signaling","3/28","47/10891",0.00022878268866636,0.00968513382020928,0.00818801201542766,"CD80/TNFRSF1A/TNFRSF1B",3
"R-HSA-1236977","R-HSA-1236977","Endosomal/Vacuolar pathway","2/28","11/10891",0.00034559327217767,0.0109725863916413,0.00927645099003241,"B2M/HLA-E",2
