"Unnamed: 0","ID","Description","GeneRatio","BgRatio","pvalue","p.adjust","qvalue","geneID","Count"
"R-HSA-449836","R-HSA-449836","Other interleukin signaling","1/1","24/10891",0.00220365439353587,0.00459094665320015,NA,"IL10RB",1
"R-HSA-8854691","R-HSA-8854691","Interleukin-20 family signaling","1/1","25/10891",0.00229547332660007,0.00459094665320015,NA,"IL10RB",1
"R-HSA-6783783","R-HSA-6783783","Interleukin-10 signaling","1/1","47/10891",0.00431548985400787,0.00575398647201049,NA,"IL10RB",1
"R-HSA-449147","R-HSA-449147","Signaling by Interleukins","1/1","473/10891",0.043430355339271,0.043430355339271,NA,"IL10RB",1
