"Unnamed: 0","ID","Description","GeneRatio","BgRatio","pvalue","p.adjust","qvalue","geneID","Count"
"R-HSA-6798695","R-HSA-6798695","Neutrophil degranulation","14/63","482/10891",4.65123614037388e-07,7.14495069088543e-05,6.6543833594991e-05,"BST2/CD14/CD300A/CHI3L1/CKAP4/LAMP2/LRG1/MME/NPC2/PIGR/PLAUR/PRG2/RAB6A/TNFRSF1B",14
"R-HSA-5669034","R-HSA-5669034","TNFs bind their physiological receptors","5/63","29/10891",5.8806178525806e-07,7.14495069088543e-05,6.6543833594991e-05,"CD27/EDA2R/TNFRSF1A/TNFRSF1B/TNFSF11",5
"R-HSA-5668541","R-HSA-5668541","TNFR2 non-canonical NF-kB pathway","6/63","102/10891",2.56745396271872e-05,0.00207963770980216,0.00193685123503342,"CD27/EDA2R/LTBR/TNFRSF1A/TNFRSF1B/TNFSF11",6
"R-HSA-6783783","R-HSA-6783783","Interleukin-10 signaling","4/63","47/10891",0.00015050011589927,0.00813213037827876,0.0075737839780374,"CD80/CSF1/TNFRSF1A/TNFRSF1B",4
"R-HSA-9694614","R-HSA-9694614","Attachment and Entry","3/63","19/10891",0.00016732778556129,0.00813213037827876,0.0075737839780374,"ACE2/CTSL/HAVCR1",3
"R-HSA-381426","R-HSA-381426","Regulation of Insulin-like Growth Factor (IGF) transport and uptake by Insulin-like Growth Factor Binding Proteins (IGFBPs)","5/63","125/10891",0.0007588954666547,0.0307352663995157,0.0286250044439934,"CKAP4/CSF1/IGFBP2/IGFBP3/SHISA5",5
"R-HSA-198933","R-HSA-198933","Immunoregulatory interactions between a Lymphoid and a non-Lymphoid cell","5/63","134/10891",0.00103819498618958,0.036040197377724,0.0335657025610165,"CD300A/CXADR/NCR3LG1/NECTIN2/SIGLEC1",5
"R-HSA-9772572","R-HSA-9772572","Early SARS-CoV-2 Infection Events","3/63","38/10891",0.00134705153670743,0.0409166904274882,0.0381073789989602,"ACE2/CTSL/HAVCR1",3
"R-HSA-9696264","R-HSA-9696264","RND3 GTPase cycle","3/63","42/10891",0.00180322546435538,0.0486870875375953,0.0453442660627377,"CKAP4/CKB/EPHA2",3
