"Unnamed: 0","ID","Description","GeneRatio","BgRatio","pvalue","p.adjust","qvalue","geneID","Count"
"R-HSA-9006936","R-HSA-9006936","Signaling by TGFB family members","5/20","122/10891",2.20153334798524e-06,0.000165115001098893,0.000122822386782334,"ITGAV/BMP10/BAMBI/LTBP2/GDF2",5
"R-HSA-2129379","R-HSA-2129379","Molecules associated with elastic fibres","3/20","37/10891",3.95451845060386e-05,0.00143339804431825,0.00106624696629989,"ITGAV/BMP10/LTBP2",3
"R-HSA-1566948","R-HSA-1566948","Elastic fibre formation","3/20","44/10891",6.68544669451291e-05,0.00143339804431825,0.00106624696629989,"ITGAV/BMP10/LTBP2",3
"R-HSA-2173789","R-HSA-2173789","TGF-beta receptor signaling activates SMADs","3/20","46/10891",7.64478956969734e-05,0.00143339804431825,0.00106624696629989,"ITGAV/BAMBI/LTBP2",3
"R-HSA-1474244","R-HSA-1474244","Extracellular matrix organization","5/20","300/10891",0.000169196067100504,0.00253794100650755,0.00188787190659509,"ITGAV/ITGA11/BMP10/LTBP2/KDR",5
"R-HSA-216083","R-HSA-216083","Integrin cell surface interactions","3/20","85/10891",0.000475204389719266,0.00594005487149082,0.00441856713247738,"ITGAV/ITGA11/KDR",3
"R-HSA-170834","R-HSA-170834","Signaling by TGF-beta Receptor Complex","3/20","93/10891",0.00061851125841921,0.00662690634020582,0.00492948822499521,"ITGAV/BAMBI/LTBP2",3
"R-HSA-201451","R-HSA-201451","Signaling by BMP","2/20","28/10891",0.0011769011675516,0.0110334484457962,0.00820733708950457,"BMP10/GDF2",2
