"Unnamed: 0","ID","Description","GeneRatio","BgRatio","pvalue","p.adjust","qvalue","geneID","Count"
"R-HSA-1462054","R-HSA-1462054","Alpha-defensins","1/4","10/10891",0.0036682065472764,0.0296797415521964,0.0138852592057059,"PRSS2",1
"R-HSA-442380","R-HSA-442380","Zinc influx into cells by the SLC39 gene family","1/4","10/10891",0.0036682065472764,0.0296797415521964,0.0138852592057059,"SLC39A5",1
"R-HSA-435354","R-HSA-435354","Zinc transporters","1/4","17/10891",0.00622993988834886,0.0296797415521964,0.0138852592057059,"SLC39A5",1
"R-HSA-881907","R-HSA-881907","Gastrin-CREB signalling pathway via PKC and MAPK","1/4","18/10891",0.00659549812271032,0.0296797415521964,0.0138852592057059,"GAST",1
"R-HSA-425410","R-HSA-425410","Metal ion SLC transporters","1/4","26/10891",0.00951633451675571,0.0342588042603206,0.0160275107650622,"SLC39A5",1
"R-HSA-1592389","R-HSA-1592389","Activation of Matrix Metalloproteinases","1/4","33/10891",0.0120667785615122,0.0362003356845365,0.0169358295600171,"PRSS2",1
"R-HSA-1461973","R-HSA-1461973","Defensins","1/4","50/10891",0.0182402075440049,0.0469033908274412,0.0219431068198555,"PRSS2",1
